"problem","Vampire 5.0","iProver 3.9.3","CSI_Enigma 1.0.6","E 3.3.0","Drodi‑EPR 4.1.0","SPASS‑SCL 0.1"
"HWV092‑1","+14.84","+19.04","+14.10","+16.66","+3.97","TMO‑Non"
"SYN837‑1","+1.32","+5.99","+6.07","+0.90","+13.95","TMO‑Non"
"HWV090‑1","+1.94","+3.88","+9.13","+2.18","+0.99","94.56"
"SYN865‑1","+3.23","+17.03","+9.50","+2.15","+81.06","TMO‑Non"
"SYN866‑1","+2.34","+9.83","+15.38","+1.84","TMO‑Non","TMO‑Non"
"HWV094‑1","+7.71","+9.98","+14.44","+4.80","+1.84","TMO‑Non"
"SYN846‑1","+1.41","+4.13","+4.67","+0.88","+17.74","TMO‑Non"
"HWV045‑1","+6.02","+42.86","TMO‑Non","TMO‑Non","TMO‑Non","TMO‑Non"
"SWV419‑1.010","+1.03","+3.31","TMO‑Non","TMO‑Non","TMO‑Non","TMO‑Non"
"SYN862‑1","+2.43","+15.43","+14.94","+1.91","+99.48","TMO‑Non"
"SWV423‑1.010","+1.58","+5.84","TMO‑Non","TMO‑Non","TMO‑Non","TMO‑Non"
"SYN861‑1","+3.70","+11.47","+8.25","+1.86","+117.72","TMO‑Non"
"SWV421‑1.200","+13.23","+12.34","TMO‑Non","TMO‑Non","TMO‑Non","TMO‑Non"
"SWV421‑1.205","+30.94","+10.79","TMO‑Non","TMO‑Non","TMO‑Non","TMO‑Non"
"HWV089‑1","+0.54","+2.47","+2.80","+0.55","+0.31","0.99"
"SWV418‑1.300","+2.18","+8.39","TMO‑Non","TMO‑Non","TMO‑Non","TMO‑Non"
"SYN885‑1","+0.80","+2.23","+2.47","+119.92","+1.49","TMO‑Non"
"PUZ037‑3","+2.04","+1.84","+4.71","+16.60","+3.49","6.44"
"PUZ036‑1.005","+0.46","+1.68","+2.37","+0.46","+0.26","0.55"
"PUZ008‑2","+0.33","+1.76","+2.25","+0.37","+0.22","0.40"
"LAT261‑2","+0.31","+1.78","+2.21","+0.50","+0.20","0.39"
"PLA031‑1.007","+9.18","+96.79","TMO‑Non","TMO‑Non","TMO‑Non","TMO‑Non"
"SET856‑2","+0.33","+1.79","+2.32","+0.38","+0.22","0.40"
"LAT264‑2","+0.31","+1.81","+2.54","+0.31","+0.22","0.39"
"LAT265‑2","+0.29","+1.75","+2.38","+0.33","+0.23","0.40"
"MSC015‑1.022","+1.06","TMO‑Non","+2.22","+0.67","+15.28","TMO‑Non"
"PUZ037‑2","+0.50","+1.72","+2.71","+0.45","+0.72","0.50"
"LAT260‑2","+0.33","+1.84","+2.36","+0.39","+0.23","0.43"
"HWV039‑1","+5.71","+43.88","TMO‑Non","TMO‑Non","TMO‑Non","TMO‑Non"
"SWV418‑1.500","+5.87","+17.29","TMO‑Non","TMO‑Non","TMO‑Non","TMO‑Non"
"SWV419‑1.020","+4.20","+6.78","TMO‑Non","TMO‑Non","TMO‑Non","TMO‑Non"
"HWV058‑1","+2.41","+10.76","+23.00","+2.55","+15.27","TMO‑Non"
"SYO594‑1","+0.93","+4.10","+5.57","+11.49","+28.38","TMO‑Non"
"SYO591‑1","+1.10","+7.62","+6.83","+54.53","TMO‑Non","TMO‑Non"
"HWV078‑1","+0.98","+29.82","TMO‑Non","TMO‑Non","TMO‑Non","TMO‑Non"
"HWV046‑1","+4.50","+49.35","TMO‑Non","TMO‑Non","TMO‑Non","TMO‑Non"
"SYO588‑1","+0.70","+15.78","+29.80","+89.11","+20.45","TMO‑Non"
"SYO592‑1","+1.38","+10.13","TMO‑Non","TMO‑Non","TMO‑Non","TMO‑Non"
"HWV044‑1","+5.43","+25.35","TMO‑Non","TMO‑Non","TMO‑Non","TMO‑Non"
"HWV041‑1","+3.48","+45.31","TMO‑Non","TMO‑Non","TMO‑Non","TMO‑Non"
"SWV423‑1.020","+3.04","+11.89","TMO‑Non","TMO‑Non","TMO‑Non","TMO‑Non"
"HWV057‑1","+2.34","+14.81","+26.32","+2.77","+19.83","TMO‑Non"
"HWV043‑2","+6.40","+43.83","TMO‑Non","TMO‑Non","TMO‑Non","TMO‑Non"
"SWV418‑1.580","+9.07","+28.86","TMO‑Non","TMO‑Non","TMO‑Non","TMO‑Non"
"HWV047‑1","+4.54","+52.78","TMO‑Non","TMO‑Non","TMO‑Non","TMO‑Non"
"HWV051‑1","+6.48","+29.85","TMO‑Non","TMO‑Non","TMO‑Non","TMO‑Non"
"SWV421‑1.300","+14.99","+28.81","TMO‑Non","TMO‑Non","TMO‑Non","TMO‑Non"
"MSC024‑1","+0.86","TMO‑Non","TMO‑Non","TMO‑Non","TMO‑Non","TMO‑Non"
"HWV046‑2","+6.52","+69.30","TMO‑Non","TMO‑Non","TMO‑Non","TMO‑Non"
"HWV039‑2","+3.55","+44.83","TMO‑Non","TMO‑Non","TMO‑Non","TMO‑Non"
"HWV041‑2","+5.97","+35.32","TMO‑Non","TMO‑Non","TMO‑Non","TMO‑Non"
"SYO597‑1","+4.42","+93.83","TMO‑Non","TMO‑Non","TMO‑Non","TMO‑Non"
"HWV047‑2","+7.79","TMO‑Non","TMO‑Non","TMO‑Non","TMO‑Non","TMO‑Non"
"HWV111‑1","+5.01","+21.08","TMO‑Non","TMO‑Non","TMO‑Non","TMO‑Non"
"PLA037‑1","+27.47","TMO‑Non","TMO‑Non","TMO‑Non","TMO‑Non","TMO‑Non"
"HWV107‑1","+2.49","+18.73","+23.29","+58.99","+55.62","TMO‑Non"
"SWV420‑1.020","+8.89","+11.80","TMO‑Non","TMO‑Non","TMO‑Non","TMO‑Non"
"SWV420‑1.030","+20.52","+16.82","TMO‑Non","TMO‑Non","TMO‑Non","TMO‑Non"
"HWV083‑1","+9.80","TMO‑Non","TMO‑Non","TMO‑Non","TMO‑Non","TMO‑Non"
"HWV087‑1","+4.11","+21.98","TMO‑Non","TMO‑Non","TMO‑Non","TMO‑Non"
"PLA039‑1","+80.93","TMO‑Non","TMO‑Non","TMO‑Non","TMO‑Non","TMO‑Non"
"HWV064‑1","+4.91","TMO‑Non","TMO‑Non","TMO‑Non","TMO‑Non","TMO‑Non"
"SWV419‑1.030","+16.03","+8.27","TMO‑Non","TMO‑Non","TMO‑Non","TMO‑Non"
"SWV422‑1.305","+25.84","+11.38","TMO‑Non","TMO‑Non","TMO‑Non","TMO‑Non"
"HWV044‑2","+3.99","+43.28","TMO‑Non","TMO‑Non","TMO‑Non","TMO‑Non"
"HWV065‑1","+2.22","+77.04","TMO‑Non","TMO‑Non","TMO‑Non","TMO‑Non"
"MSC015‑1.025","+0.59","TMO‑Non","+2.79","+0.79","TMO‑Non","TMO‑Non"
"MSC015‑1.030","+0.74","TMO‑Non","+3.31","+1.50","TMO‑Non","TMO‑Non"
"PUZ056‑2.015","TMO‑Non","TMO‑Non","TMO‑Non","TMO‑Non","TMO‑Non","TMO‑Non"
"PLA031‑1.008","TMO‑Non","TMO‑Non","TMO‑Non","TMO‑Non","TMO‑Non","TMO‑Non"
"SWV418‑1.820","+9.97","+34.30","TMO‑Non","TMO‑Non","TMO‑Non","TMO‑Non"
"SWV418‑1.900","+64.17","+33.35","TMO‑Non","TMO‑Non","TMO‑Non","TMO‑Non"
"SWV419‑1.035","+18.51","+26.34","TMO‑Non","TMO‑Non","TMO‑Non","TMO‑Non"
"SWV422‑1.300","+20.98","+24.80","TMO‑Non","TMO‑Non","TMO‑Non","TMO‑Non"
"HWV060‑1","+16.56","+53.43","+63.52","TMO‑Non","TMO‑Non","TMO‑Non"
"SWV421‑1.360","+61.96","+34.30","TMO‑Non","TMO‑Non","TMO‑Non","TMO‑Non"
"SWV420‑1.035","+15.81","+29.88","TMO‑Non","TMO‑Non","TMO‑Non","TMO‑Non"
"SYN914‑1","+0.32","TMO‑Non","TMO‑Non","TMO‑Non","TMO‑Non","TMO‑Non"
"SWV422‑1.460","+72.66","+49.32","TMO‑Non","TMO‑Non","TMO‑Non","TMO‑Non"
"SWV420‑1.045","+38.42","+38.33","TMO‑Non","TMO‑Non","TMO‑Non","TMO‑Non"
"SWV422‑1.505","+38.60","+71.28","TMO‑Non","TMO‑Non","TMO‑Non","TMO‑Non"
"SWV422‑1.400","+36.83","+31.39","TMO‑Non","TMO‑Non","TMO‑Non","TMO‑Non"
"HWV103‑1","+9.06","+88.10","TMO‑Non","TMO‑Non","TMO‑Non","TMO‑Non"
"SWV421‑1.400","+103.51","+54.78","TMO‑Non","TMO‑Non","TMO‑Non","TMO‑Non"
"SWV421‑1.405","+40.02","+40.77","TMO‑Non","TMO‑Non","TMO‑Non","TMO‑Non"
"SWV421‑1.505","+10.74","+70.91","TMO‑Non","TMO‑Non","TMO‑Non","TMO‑Non"
"SWV419‑1.040","+21.44","+38.33","TMO‑Non","TMO‑Non","TMO‑Non","TMO‑Non"
"HWV126‑1","+27.09","+52.57","+23.29","TMO‑Non","TMO‑Non","TMO‑Non"
"SWV421‑1.365","+22.68","+34.82","TMO‑Non","TMO‑Non","TMO‑Non","TMO‑Non"
"SWV422‑1.405","+33.81","+39.34","TMO‑Non","TMO‑Non","TMO‑Non","TMO‑Non"
"PLA042‑1","TMO‑Non","TMO‑Non","TMO‑Non","TMO‑Non","TMO‑Non","TMO‑Non"
"SWV422‑1.365","+6.70","+34.32","TMO‑Non","TMO‑Non","TMO‑Non","TMO‑Non"
"HWV127‑1","+14.63","+53.20","+24.74","TMO‑Non","TMO‑Non","TMO‑Non"
"SWV422‑1.465","+33.41","+56.30","TMO‑Non","TMO‑Non","TMO‑Non","TMO‑Non"
"HWV104‑1","+7.99","TMO‑Non","TMO‑Non","TMO‑Non","TMO‑Non","TMO‑Non"
"SWV421‑1.500","+52.14","+45.41","TMO‑Non","TMO‑Non","TMO‑Non","TMO‑Non"
"HWV081‑1","TMO‑Non","TMO‑Non","TMO‑Non","TMO‑Non","TMO‑Non","TMO‑Non"
"SYO589‑1","+5.16","+60.34","TMO‑Non","TMO‑Non","TMO‑Non","TMO‑Non"
"SWV422‑1.500","+63.67","+57.76","TMO‑Non","TMO‑Non","TMO‑Non","TMO‑Non"
"SWV420‑1.040","+20.97","+32.35","TMO‑Non","TMO‑Non","TMO‑Non","TMO‑Non"
