"problem","Vampire 5.0","Twee 2.6.0","E 3.3.0","CSE_E 1.7","Drodi 4.1.0","Toma 0.7","iProver 3.9.3","Vampire 4.9","CSI_Enigma 1.0.6"
"COL042‑7","+1.08","+1.91","+1.16","+1.77","+75.97","TMO‑Non","+45.37","0.47","2.39"
"GRP202‑1","+0.35","+0.39","+0.80","+4.67","+7.91","+60.83","2.23","0.43","2.59"
"COL042‑9","+1.07","+1.94","+0.84","+1.79","+90.83","TMO‑Non","12.83","0.39","2.34"
"GRP442‑1","+0.52","+0.31","+0.50","+3.06","+3.90","+68.57","2.33","0.54","2.26"
"NUN134‑1","+0.34","+0.30","+0.38","+1.63","+1.93","+0.87","1.79","0.33","2.22"
"GRP167‑1","+1.33","+0.48","+0.45","+13.01","+4.72","+8.94","9.85","1.70","3.72"
"GRP478‑1","+0.38","+0.36","+0.42","+1.66","+2.02","+3.64","+2.27","0.32","2.24"
"GRP477‑1","+0.79","+0.57","+0.44","+1.66","+10.90","+3.29","+2.27","0.42","2.04"
"PUZ131‑10","+0.32","+0.27","+0.31","+1.63","+0.21","TMO‑Non","1.74","0.31","2.62"
"COL042‑6","+1.09","+0.51","+0.47","+5.74","+89.07","TMO‑Non","44.38","0.51","3.19"
"GRP660‑11","+0.51","+0.31","+0.45","+4.43","+3.86","+61.31","2.82","0.50","2.45"
"LAT394‑1","+0.81","+1.39","+0.38","+2.93","+2.51","+0.91","+1.75","0.60","2.33"
"GRP416‑1","+1.32","+0.49","+79.43","+60.99","+11.45","+63.29","+5.85","0.57","2.37"
"GRP201‑1","+1.16","+0.41","+0.58","+1.99","+53.66","+61.40","6.59","0.62","4.17"
"COL060‑1","+0.33","+0.30","+0.39","+1.60","+0.35","+60.55","+1.78","0.33","2.27"
"GRP185‑2","+0.35","+0.32","+15.15","TMO‑Non","+6.50","+1.08","2.80","0.29","6.14"
"GRP179‑3","+0.57","+0.43","+0.74","+3.32","+31.75","+43.53","3.31","0.68","2.56"
"PUZ039‑10","+0.71","+0.61","+29.61","+16.64","+1.41","+21.08","+2.84","0.51","3.32"
"GRP767‑1","+1.76","+0.46","+0.60","+7.50","+4.48","+61.75","2.33","0.50","6.25"
"RNG020‑7","+0.32","TMO‑Non","+0.39","+1.63","TMO‑Non","+2.95","+1.76","0.32","2.29"
"COL003‑19","+0.72","+0.71","+0.46","+1.65","+42.86","TMO‑Non","3.85","1.41","2.41"
"LCL203‑10","+1.94","+3.68","+0.51","+6.23","+2.08","+73.62","+4.35","1.17","2.48"
"COL063‑1","+0.81","+1.08","+0.71","+1.80","+1.41","+61.94","+3.26","0.66","2.33"
"GRP181‑3","+1.42","+0.76","+0.64","+3.37","+15.00","+63.41","39.91","0.85","3.40"
"GRP472‑1","+0.48","+0.44","+0.41","+1.75","+3.41","+0.82","+1.77","1.04","2.38"
"LCL109‑6","+1.63","+0.37","+0.52","+1.81","+1.16","+27.72","+15.30","1.20","2.50"
"ALG245‑1","+0.54","+1.41","+0.52","+3.18","+0.42","TMO‑Non","+1.67","0.51","5.02"
"GRP404‑1","+2.45","+0.38","+1.60","TMO‑Non","+37.67","+94.58","+4.32","0.87","23.99"
"SYN563‑10","+0.40","+0.35","+0.57","+4.44","+0.37","+174.26","+1.84","0.34","3.51"
"GRP420‑1","+13.33","+0.33","+0.75","+34.24","+9.62","+129.51","2.87","9.50","2.47"
"COL057‑1","+0.42","+0.32","+0.40","+3.06","+0.28","+65.56","+10.27","0.50","2.63"
"LCL026‑10","+9.49","+6.16","+2.09","+83.40","+19.31","+13.72","+47.88","7.94","4.39"
"GRP203‑1","+4.51","+0.43","+0.45","+3.17","TMO‑Non","+5.83","11.74","0.78","2.52"
"LCL109‑2","+2.02","+0.59","+0.66","+3.16","+23.99","+30.54","35.91","2.24","2.43"
"LAT023‑1","+1.19","+0.55","+2.18","+5.81","+65.05","+165.64","+2.34","0.61","3.92"
"GRP659‑10","+0.48","+0.32","+0.39","+1.75","+0.83","+18.24","+1.75","0.39","2.22"
"LCL218‑10","+0.91","+0.96","+6.24","+14.79","+30.64","+22.55","4.30","7.03","3.04"
"GRP185‑4","+0.33","+0.36","TMO‑Non","TMO‑Non","+56.30","+16.89","2.85","0.33","73.75"
"BOO023‑1","+2.52","+0.71","+0.48","+8.70","+8.63","+188.37","7.68","4.19","2.29"
"KLE145‑10","+3.16","+2.78","+2.24","+15.66","+39.43","TMO‑Non","4.34","7.31","4.06"
"GRP167‑2","+0.66","+0.40","+0.45","+13.06","+8.73","+60.76","14.38","3.92","2.18"
"GRP185‑3","+0.31","+0.37","TMO‑Non","TMO‑Non","+51.51","+7.02","2.72","0.33","61.83"
"ROB005‑1","+0.51","+1.00","+1.60","+1.73","TMO‑Non","+10.97","+3.80","1.45","3.33"
"LAT044‑1","+1.30","+0.51","+2.06","209.47","+3.01","TMO‑Non","7.35","0.78","3.31"
"LCL211‑10","+1.39","+6.16","+1.30","+42.63","+11.57","+9.80","9.80","1.35","3.76"
"GRP423‑1","+0.93","+0.30","+0.61","+24.40","+11.35","+89.90","1.73","2.57","3.60"
"GRP205‑1","+0.48","+0.46","+0.46","+4.24","+26.03","+1.08","4.74","0.48","2.86"
"LAT096‑1","+0.42","+1.68","+0.44","+1.73","+41.78","+4.19","+31.04","0.38","2.58"
"GRP754‑1","+1.41","+0.90","+0.80","+4.44","+11.35","+80.29","14.32","0.84","3.23"
"GRP750‑1","+1.21","+0.31","+0.90","+8.39","+44.54","+3.51","3.84","0.56","2.61"
"GRP688‑1","+1.07","+0.75","+0.68","+5.70","TMO‑Non","+66.89","3.81","2.37","3.43"
"REL005‑1","+1.12","+0.62","+0.43","+1.77","+5.60","+75.04","+11.82","0.97","2.32"
"GRP422‑1","+0.78","+0.29","+1.71","TMO‑Non","+10.28","+85.07","+2.24","0.61","2.48"
"REL005‑3","+1.07","+0.44","+0.38","+1.76","+85.15","+110.46","5.86","0.78","2.35"
"CSR072‑10","+0.51","+48.57","+0.50","+2.05","+0.47","+65.18","+5.20","0.55","4.35"
"GRP419‑1","+0.46","+0.30","+1.54","TMO‑Non","+10.09","+148.27","1.76","0.37","2.53"
"GRP705‑1","+0.93","+1.08","+0.94","+27.70","+5.94","TMO‑Non","2.33","1.48","5.25"
"LAT097‑1","+0.42","+1.69","+0.43","+1.71","+36.89","+2.00","+30.45","0.37","2.64"
"RNG019‑7","+0.33","TMO‑Non","+0.37","+1.62","TMO‑Non","+1.99","+1.79","0.34","3.10"
"COL064‑1","+2.07","+9.41","+1.07","+4.31","+70.29","+149.37","+16.29","2.31","6.99"
"LAT092‑1","+0.36","+0.95","+0.43","+1.72","+26.82","+1.25","+30.37","0.35","2.55"
"RNG026‑7","+0.33","TMO‑Non","+0.43","+1.73","TMO‑Non","+4.17","+1.78","0.33","2.35"
"GRP475‑1","+0.60","+0.52","+0.41","+1.68","+26.46","+2.48","+1.57","0.36","2.58"
"GRP186‑2","+4.64","+0.96","+2.63","+17.13","TMO‑Non","+140.56","37.84","3.72","4.46"
"CSR051‑10","+0.54","+67.38","+73.64","+1.97","+0.55","+69.04","+17.77","0.53","3.27"
"COL009‑1","+0.66","+1.12","+110.51","+1.84","+0.23","+56.81","+7.34","0.36","2.26"
"LAT022‑1","+0.77","+0.79","+1.02","+37.53","+31.45","TMO‑Non","7.83","1.42","15.84"
"GRP696‑1","+0.40","+0.51","+2.28","+81.62","+1.97","TMO‑Non","2.29","0.44","3.50"
"REL024‑1","+0.36","+0.53","+0.50","+1.87","+0.90","+63.90","+5.25","1.45","2.30"
"REL045‑2","+1.07","+4.21","+3.09","+14.66","+1.48","TMO‑Non","33.37","0.43","5.55"
"LAT082‑1","+44.88","+2.42","+0.67","+5.89","TMO‑Non","+9.81","238.04","0.73","3.88"
"LAT168‑1","+0.48","+1.27","+13.66","71.29","+0.45","TMO‑Non","+1.77","0.43","4.59"
"LCL400‑10","+23.96","+5.14","+7.05","+28.77","+3.04","+39.48","+39.41","5.17","6.01"
"REL012‑2","+0.61","+0.85","+0.47","+32.99","+1.03","TMO‑Non","15.85","0.50","5.38"
"ALG240‑1","+0.79","+1.38","+1.27","TMO‑Non","+0.98","TMO‑Non","+2.23","0.46","3.65"
"REL008‑3","+0.42","+0.61","+0.38","+7.52","+9.61","+4.99","+3.30","0.35","2.43"
"REL012‑1","+2.73","+0.97","+0.50","+34.05","+1.07","+66.37","+39.45","1.20","4.47"
"RNG021‑7","+0.40","TMO‑Non","+0.40","+1.63","TMO‑Non","+3.52","+1.79","0.30","2.27"
"BOO017‑10","+0.82","+2.69","+0.40","+5.79","+5.76","TMO‑Non","7.40","8.08","3.13"
"GRP183‑2","+1.05","+1.04","+1.16","+24.46","TMO‑Non","+57.65","29.90","0.85","3.48"
"GRP167‑4","+0.78","+0.83","+0.84","+4.67","TMO‑Non","+130.69","10.81","1.70","4.60"
"COL034‑1","+0.34","+0.76","+1.09","+8.06","+0.23","TMO‑Non","+2.83","0.81","3.19"
"COL065‑1","+5.41","+9.66","+2.00","+10.41","+88.76","TMO‑Non","+35.94","4.61","6.79"
"REL010‑2","+0.88","+0.98","+0.47","+4.33","+1.25","TMO‑Non","+6.32","0.50","2.89"
"REL050‑3","+0.56","+0.36","+0.41","+12.65","TMO‑Non","TMO‑Non","2.81","0.69","3.47"
"RNG021‑6","+0.32","+36.39","+0.38","+1.58","TMO‑Non","+3.11","+1.78","0.32","2.14"
"LAT080‑1","+0.36","+0.94","+0.42","+1.70","+35.28","+1.51","34.87","0.39","2.66"
"GRP179‑2","+0.53","+0.33","+0.70","+3.21","+127.06","+50.66","3.82","0.70","2.56"
"GRP660‑10","+1.95","+0.37","+0.66","+3.04","+12.04","+86.96","+6.75","0.63","2.55"
"REL027‑1","+1.57","+2.41","+0.55","+3.17","TMO‑Non","+75.18","9.40","1.44","4.14"
"GRP048‑10","+0.52","+0.90","+0.63","+9.85","+2.98","TMO‑Non","3.37","0.65","3.41"
"LAT081‑1","+0.59","+1.63","+0.65","+1.84","+161.40","+5.59","+41.46","0.99","2.38"
"RNG026‑6","+0.35","+60.73","+0.35","+58.39","TMO‑Non","+9.05","+1.72","0.33","2.19"
"GRP751‑1","+0.89","+0.44","+0.49","+25.82","+77.69","+68.66","TMO‑Non","1.21","3.67"
"REL044‑2","+1.01","+4.86","+0.78","+9.00","+2.35","TMO‑Non","+99.97","1.98","2.82"
"GRP183‑3","+0.68","+0.42","+1.15","+8.23","TMO‑Non","+100.54","2.66","0.80","3.73"
"COL044‑7","+0.73","+0.66","+0.37","+5.54","+5.44","TMO‑Non","125.42","0.51","2.22"
"LAT392‑1","+1.03","+20.64","+0.64","+60.40","TMO‑Non","+4.90","145.11","0.49","8.57"
"GRP184‑1","+1.08","+0.49","+4.32","+17.36","TMO‑Non","+44.37","4.30","0.57","4.47"
"GRP179‑1","+0.68","+0.55","+0.71","+4.84","+112.27","+36.33","3.32","0.84","3.89"
"GRP183‑4","+1.04","+0.58","+1.36","+20.92","TMO‑Non","+186.80","7.89","0.85","4.37"
"REL031‑2","+12.15","+0.37","+0.46","+31.22","+32.76","TMO‑Non","103.41","5.83","2.30"
"LCL416‑10","+82.47","+8.30","+9.07","+26.32","+27.17","+139.95","TMO‑Non","21.10","3.55"
"GRP167‑3","+0.62","+0.61","+0.58","+6.25","+93.43","+151.84","8.88","1.71","4.89"
"REL027‑3","+3.07","+1.50","+0.58","+10.67","TMO‑Non","+77.66","52.39","1.49","2.62"
"REL031‑1","+3.02","+0.89","+0.43","+5.87","+29.45","TMO‑Non","+2.31","4.90","2.54"
"COL002‑5","+0.30","TMO‑Non","+163.19","TMO‑Non","+21.98","TMO‑Non","1.78","0.31","25.87"
"GRP752‑1","+21.46","+0.44","+0.60","+12.30","+106.13","+74.14","+47.98","4.30","3.60"
"COL004‑1","+0.48","+4.69","+0.69","+1.68","+0.37","TMO‑Non","+2.29","0.62","2.53"
"GRP180‑1","TMO‑Non","+9.91","+1.72","+16.31","TMO‑Non","+42.60","77.93","9.39","3.65"
"RNG009‑7","+1.34","+7.94","+0.94","+4.44","+57.87","+174.13","10.84","0.75","2.59"
"COL044‑8","+0.76","+1.33","+1.03","+5.80","+3.63","TMO‑Non","TMO‑Non","0.52","2.78"
"KLE084‑10","+0.66","+0.92","+1.09","+16.82","TMO‑Non","+189.59","2.19","0.42","2.92"
"CSR034‑10","+0.53","+80.62","+0.57","+3.42","+3.76","+82.77","+16.65","0.50","3.42"
"LAT085‑1","+0.60","+2.59","+1.13","+13.60","TMO‑Non","+33.57","TMO‑Non","0.71","2.75"
"COL044‑9","+0.78","+1.93","+0.90","+6.68","+3.27","TMO‑Non","TMO‑Non","0.60","2.44"
"COL043‑3","+7.13","+2.48","+0.51","+23.85","+0.83","TMO‑Non","TMO‑Non","0.85","2.27"
"REL028‑2","+2.08","+2.33","+0.58","+8.65","TMO‑Non","+73.81","50.36","3.88","2.45"
"LAT020‑1","+17.23","+3.46","+17.99","130.32","TMO‑Non","TMO‑Non","86.37","11.34","7.71"
"LCL024‑10","+177.29","+4.83","+37.38","+139.43","+83.03","+125.73","TMO‑Non","15.38","4.02"
"LAT084‑1","+0.53","+1.86","+1.06","+4.56","+112.76","+25.65","45.40","2.26","3.43"
"GRP180‑2","+143.60","+9.07","+3.28","+24.01","TMO‑Non","+169.88","183.01","126.83","5.95"
"RNG009‑5","+0.95","+13.41","+1.12","+7.31","TMO‑Non","+104.11","9.35","2.24","2.91"
"GRP667‑3","+5.62","+2.28","+2.25","+52.62","+66.46","+126.85","29.40","2.24","5.50"
"REL026‑3","+1.98","+2.01","+1.05","+5.05","TMO‑Non","+72.42","TMO‑Non","1.80","3.15"
"GRP667‑10","+18.34","+6.22","+8.14","+27.84","TMO‑Non","+97.56","TMO‑Non","8.02","5.21"
"GRP667‑5","+6.89","+7.06","+2.17","+61.67","TMO‑Non","+105.82","170.65","2.85","8.40"
"LAT017‑1","+0.51","+0.43","+3.29","117.90","+8.90","TMO‑Non","2.24","0.74","3.47"
"REL026‑1","+29.54","+2.03","+0.87","+4.58","TMO‑Non","+66.38","121.48","8.72","3.11"
"GRP670‑1","+4.88","+5.27","+10.64","+41.78","TMO‑Non","+73.41","TMO‑Non","3.50","16.83"
"LCL113‑10","+47.21","+17.83","+32.60","TMO‑Non","+38.51","+227.55","+27.91","20.88","42.83"
"LAT241‑10","+7.51","+0.82","+0.48","+1.71","TMO‑Non","+234.48","73.86","25.47","3.26"
"GRP667‑4","+8.85","+3.76","+3.30","+97.89","TMO‑Non","+135.64","83.51","4.32","14.34"
"GRP681‑1","+0.74","+1.18","+0.93","172.63","TMO‑Non","+83.00","8.36","7.21","2.89"
"COL006‑7","+0.69","+0.54","+17.11","TMO‑Non","+89.76","TMO‑Non","12.77","1.34","89.43"
"COL006‑1","+1.43","+1.23","+9.03","147.39","+1.45","TMO‑Non","+30.32","TMO‑Non","4.06"
"RNG001‑10","+15.29","+0.79","+5.64","+16.49","+1.79","TMO‑Non","40.97","1.26","5.27"
"GRP655‑13","+6.75","+0.90","+3.96","59.13","TMO‑Non","TMO‑Non","15.80","2.20","44.15"
"COL006‑6","+1.21","+0.30","TMO‑Non","TMO‑Non","+0.96","TMO‑Non","1.77","0.53","125.62"
"LAT230‑10","+162.18","+55.70","+37.11","+13.30","TMO‑Non","TMO‑Non","96.44","61.23","7.11"
"GRP655‑12","+6.18","+1.80","+1.86","+17.65","TMO‑Non","TMO‑Non","26.34","5.84","142.36"
"LCL265‑10","+1.21","+12.01","+24.94","+106.75","TMO‑Non","TMO‑Non","11.77","1.66","3.98"
"LAT171‑1","+0.43","+0.53","TMO‑Non","TMO‑Non","+5.45","TMO‑Non","30.85","0.67","8.97"
"RNG025‑6","+9.22","+4.21","+1.51","+6.11","TMO‑Non","+24.86","54.79","0.45","3.67"
"GRP655‑11","+3.00","+0.60","+2.34","+42.22","TMO‑Non","TMO‑Non","23.83","2.37","109.47"
"KLE147‑10","+6.83","+7.38","+6.25","+40.70","TMO‑Non","TMO‑Non","46.90","31.53","44.82"
"COL006‑5","+0.82","+0.60","+51.58","TMO‑Non","+5.70","TMO‑Non","4.75","7.74","92.08"
"CSR059‑10","+1.14","+154.53","+0.51","+8.93","+0.74","TMO‑Non","+53.87","0.53","3.28"
"LAT399‑1","+0.83","+24.04","+64.66","TMO‑Non","TMO‑Non","TMO‑Non","16.39","1.64","24.99"
"GRP024‑5","+12.32","+4.13","+4.96","+24.84","+107.21","+102.79","TMO‑Non","2.38","8.16"
"TOP052‑1","+10.82","TMO‑Non","+4.09","+4.72","+176.31","+77.07","+50.47","11.10","5.99"
"KLE104‑10","+8.26","+95.13","+29.69","TMO‑Non","TMO‑Non","TMO‑Non","12.83","2.63","5.41"
"GRP769‑1","+8.93","+3.05","+11.98","82.58","TMO‑Non","TMO‑Non","20.82","1.68","33.83"
"GRP655‑14","+5.21","+0.74","+4.54","60.44","TMO‑Non","TMO‑Non","5.86","2.32","44.02"
"GRP654‑12","+10.77","+1.19","+7.48","112.63","TMO‑Non","TMO‑Non","17.88","2.39","52.19"
"GRP181‑1","+62.30","+8.80","+3.33","+28.99","TMO‑Non","+164.67","+50.39","19.36","6.96"
"SYN598‑10","+0.49","+0.53","+94.49","TMO‑Non","+0.46","TMO‑Non","2.28","0.38","3.03"
"ALG246‑1","+7.92","+5.75","+6.24","TMO‑Non","TMO‑Non","TMO‑Non","134.52","7.57","120.15"
"LAT166‑1","+181.97","+8.76","TMO‑Non","+65.20","TMO‑Non","TMO‑Non","TMO‑Non","12.14","15.31"
"LAT154‑1","+0.46","+3.94","TMO‑Non","TMO‑Non","TMO‑Non","TMO‑Non","6.72","0.83","36.05"
"GRP505‑1","+30.56","+0.33","+115.88","TMO‑Non","TMO‑Non","TMO‑Non","+38.89","19.04","TMO‑Non"
"REL019‑2","+3.07","+0.37","+7.44","+81.88","TMO‑Non","+106.67","10.33","1.02","13.00"
"GRP766‑1","+1.06","+3.50","+1.72","TMO‑Non","TMO‑Non","TMO‑Non","32.39","2.67","TMO‑Non"
"LAT155‑1","+1.19","+7.74","TMO‑Non","TMO‑Non","TMO‑Non","TMO‑Non","20.35","2.28","TMO‑Non"
"KLE169‑10","+0.49","+0.40","TMO‑Non","TMO‑Non","TMO‑Non","+1.19","2.89","0.57","31.52"
"GRP508‑1","+18.52","+0.57","+7.08","TMO‑Non","TMO‑Non","TMO‑Non","29.88","4.40","119.34"
"COL002‑10","+0.35","TMO‑Non","TMO‑Non","TMO‑Non","+0.95","TMO‑Non","TMO‑Non","0.33","24.26"
"GRP181‑2","+12.17","+14.34","+6.26","+50.77","TMO‑Non","+135.01","TMO‑Non","17.35","5.53"
"LAT170‑1","+0.59","+8.14","TMO‑Non","TMO‑Non","TMO‑Non","TMO‑Non","9.81","0.72","TMO‑Non"
"LAT138‑1","+0.51","+0.52","TMO‑Non","+108.28","TMO‑Non","TMO‑Non","33.90","1.20","30.09"
"LAT393‑1","+10.96","+3.62","+27.13","225.66","TMO‑Non","TMO‑Non","16.83","1.64","84.49"
"REL020‑2","+6.52","+7.91","+11.57","+103.36","TMO‑Non","TMO‑Non","116.38","3.08","16.65"
"RNG004‑10","+6.73","+13.58","+57.76","TMO‑Non","+8.58","TMO‑Non","46.85","1.26","108.15"
"LCL084‑10","TMO‑Non","+80.98","+16.17","TMO‑Non","TMO‑Non","TMO‑Non","TMO‑Non","TMO‑Non","59.59"
"RNG025‑5","+1.32","TMO‑Non","TMO‑Non","TMO‑Non","TMO‑Non","TMO‑Non","TMO‑Non","33.09","123.55"
"REL021‑1","+2.45","+0.97","TMO‑Non","TMO‑Non","TMO‑Non","TMO‑Non","95.95","1.98","35.64"
"LAT146‑1","+0.43","+24.00","TMO‑Non","TMO‑Non","TMO‑Non","TMO‑Non","25.39","0.69","93.36"
"MVA008‑1","+17.03","+9.97","+1.21","TMO‑Non","TMO‑Non","TMO‑Non","4.77","1.61","5.75"
"LAT159‑1","+2.62","+3.39","TMO‑Non","TMO‑Non","TMO‑Non","TMO‑Non","62.44","7.61","41.49"
"SYN708‑10","+2.59","+3.52","TMO‑Non","TMO‑Non","+23.01","TMO‑Non","+4.77","0.88","3.34"
"GRP691‑1","+22.66","+13.60","+7.01","TMO‑Non","TMO‑Non","+177.42","TMO‑Non","4.07","11.97"
"LAT163‑1","+1.64","+2.44","TMO‑Non","TMO‑Non","TMO‑Non","TMO‑Non","36.87","2.50","TMO‑Non"
"LAT072‑1","+6.90","+2.45","TMO‑Non","TMO‑Non","TMO‑Non","TMO‑Non","10.77","1.99","TMO‑Non"
"GRP720‑2","+18.63","+4.00","+131.09","TMO‑Non","TMO‑Non","TMO‑Non","UNK‑Non","TMO‑Non","TMO‑Non"
"CSR055‑10","+1.89","TMO‑Non","+1.40","+84.63","+56.14","TMO‑Non","UNK‑Non","3.09","9.36"
"LCL384‑10","+7.96","+1.16","TMO‑Non","TMO‑Non","+8.68","+15.30","TMO‑Non","9.25","13.76"
"RNG006‑10","+4.82","+95.50","+98.47","TMO‑Non","+37.73","TMO‑Non","55.44","2.45","3.88"
"REL011‑1","+31.38","+1.71","+34.34","TMO‑Non","TMO‑Non","TMO‑Non","44.35","5.03","4.40"
"REL044‑1","+6.14","+4.18","+14.69","TMO‑Non","TMO‑Non","TMO‑Non","103.44","3.05","8.29"
"MVA011‑1","TMO‑Non","+9.79","+1.21","TMO‑Non","TMO‑Non","TMO‑Non","TMO‑Non","TMO‑Non","4.40"
"LAT177‑1","+21.74","+24.66","TMO‑Non","TMO‑Non","TMO‑Non","TMO‑Non","83.46","31.05","TMO‑Non"
"LAT393‑2","+11.29","+1.99","+97.54","234.71","TMO‑Non","TMO‑Non","16.89","1.16","57.42"
"REL035‑1","+2.22","+3.06","+136.97","TMO‑Non","TMO‑Non","TMO‑Non","125.46","3.00","103.05"
"GRP753‑1","+14.77","+2.18","+3.50","157.47","+215.74","TMO‑Non","128.48","13.22","6.20"
"REL029‑3","+7.45","+3.56","+2.81","+8.72","TMO‑Non","+93.67","TMO‑Non","4.69","3.92"
"LAT157‑1","+4.14","+3.23","TMO‑Non","TMO‑Non","TMO‑Non","TMO‑Non","84.51","10.58","44.66"
"REL029‑1","TMO‑Non","+4.92","+3.36","+5.91","TMO‑Non","+85.46","UNK‑Non","TMO‑Non","4.39"
"REL010‑1","+30.20","+1.23","+27.21","TMO‑Non","TMO‑Non","TMO‑Non","179.49","3.98","4.20"
"LAT150‑1","+11.08","+10.88","TMO‑Non","TMO‑Non","+14.23","TMO‑Non","TMO‑Non","TMO‑Non","6.70"
"REL029‑10","+6.41","+9.41","+2.97","+12.44","TMO‑Non","+115.78","UNK‑Non","18.97","17.99"
"MVA009‑1","+2.51","+6.17","+5.83","TMO‑Non","TMO‑Non","TMO‑Non","76.08","1.04","5.77"
"LAT151‑1","+12.27","+29.15","TMO‑Non","+168.87","+12.98","TMO‑Non","+123.47","109.42","9.39"
"LAT174‑1","+4.60","+11.39","+19.62","TMO‑Non","TMO‑Non","TMO‑Non","TMO‑Non","2.33","19.57"
"KLE151‑10","+0.87","+0.77","TMO‑Non","TMO‑Non","TMO‑Non","TMO‑Non","13.28","11.63","TMO‑Non"
"REL034‑2","+3.60","+5.33","TMO‑Non","+72.47","TMO‑Non","TMO‑Non","86.17","5.94","16.89"
"COL066‑1","+1.27","+21.05","+89.57","TMO‑Non","TMO‑Non","TMO‑Non","TMO‑Non","TMO‑Non","TMO‑Non"
"LCL192‑10","+2.34","+8.00","+130.42","TMO‑Non","+24.51","TMO‑Non","+76.39","1.58","4.09"
"GRP695‑1","TMO‑Non","TMO‑Non","+48.86","TMO‑Non","TMO‑Non","TMO‑Non","TMO‑Non","TMO‑Non","42.55"
"REL034‑1","+2.26","+6.17","+167.61","TMO‑Non","TMO‑Non","TMO‑Non","117.98","3.38","159.64"
"BOO014‑10","+70.21","+31.81","+12.66","+29.53","TMO‑Non","TMO‑Non","236.03","13.16","33.38"
"CSR073‑10","+1.93","TMO‑Non","+1.56","TMO‑Non","TMO‑Non","TMO‑Non","TMO‑Non","1.52","5.70"
"CSR044‑10","+0.56","TMO‑Non","+0.67","TMO‑Non","TMO‑Non","TMO‑Non","+236.68","0.57","9.68"
"GRP654‑10","TMO‑Non","+1.19","+9.28","TMO‑Non","TMO‑Non","TMO‑Non","+143.50","36.46","9.73"
"LCL038‑10","TMO‑Non","+34.69","+160.94","TMO‑Non","TMO‑Non","TMO‑Non","TMO‑Non","TMO‑Non","63.61"
"GRP694‑1","TMO‑Non","TMO‑Non","+45.98","TMO‑Non","TMO‑Non","TMO‑Non","TMO‑Non","TMO‑Non","33.44"
"GRP718‑1","+5.03","+2.50","+168.32","TMO‑Non","TMO‑Non","TMO‑Non","61.46","22.70","146.01"
"LAT165‑1","TMO‑Non","+49.99","+8.70","TMO‑Non","TMO‑Non","TMO‑Non","TMO‑Non","15.01","62.99"
"COL042‑10","+2.63","+28.62","TMO‑Non","TMO‑Non","TMO‑Non","TMO‑Non","59.48","4.83","TMO‑Non"
"LAT186‑10","TMO‑Non","+192.17","+2.32","+6.88","TMO‑Non","TMO‑Non","TMO‑Non","TMO‑Non","3.18"
"GRP719‑1","+123.30","+14.34","TMO‑Non","TMO‑Non","TMO‑Non","TMO‑Non","TMO‑Non","12.29","TMO‑Non"
"GRP690‑1","+57.17","+78.33","+34.05","+42.22","TMO‑Non","TMO‑Non","167.52","TMO‑Non","17.91"
"REL045‑1","+10.37","+5.47","+213.03","TMO‑Non","TMO‑Non","TMO‑Non","114.39","45.04","TMO‑Non"
"REL016‑3","+7.03","+1.89","+26.75","TMO‑Non","TMO‑Non","TMO‑Non","TMO‑Non","46.85","4.57"
"LCL054‑10","+166.88","+15.52","+5.84","TMO‑Non","TMO‑Non","TMO‑Non","TMO‑Non","237.67","29.54"
"LAT169‑1","+7.83","+14.07","+10.22","TMO‑Non","TMO‑Non","TMO‑Non","TMO‑Non","TMO‑Non","100.90"
"LAT147‑1","+2.48","+30.60","TMO‑Non","TMO‑Non","TMO‑Non","TMO‑Non","TMO‑Non","10.29","170.23"
"REL036‑1","+8.76","+8.86","TMO‑Non","TMO‑Non","TMO‑Non","TMO‑Non","115.49","7.29","121.89"
"LAT144‑1","+6.04","+8.80","TMO‑Non","TMO‑Non","TMO‑Non","TMO‑Non","110.43","6.96","TMO‑Non"
"LCL042‑10","+0.53","+4.43","TMO‑Non","TMO‑Non","TMO‑Non","TMO‑Non","3.78","0.61","5.91"
"LAT223‑10","TMO‑Non","+101.68","+6.88","+80.79","TMO‑Non","TMO‑Non","58.44","TMO‑Non","14.45"
"REL017‑1","+3.42","+2.22","+223.40","TMO‑Non","TMO‑Non","TMO‑Non","203.57","7.07","4.21"
"GRP664‑12","TMO‑Non","TMO‑Non","+21.60","100.25","TMO‑Non","TMO‑Non","TMO‑Non","TMO‑Non","112.55"
"GRP662‑1","TMO‑Non","TMO‑Non","+24.44","TMO‑Non","TMO‑Non","TMO‑Non","TMO‑Non","TMO‑Non","75.49"
"REL032‑2","+4.54","+0.95","TMO‑Non","TMO‑Non","TMO‑Non","TMO‑Non","77.86","3.38","TMO‑Non"
"GRP661‑1","TMO‑Non","+122.43","+23.63","TMO‑Non","TMO‑Non","TMO‑Non","TMO‑Non","TMO‑Non","77.57"
"LAT401‑1","+22.46","+82.07","+2.25","+22.54","TMO‑Non","TMO‑Non","TMO‑Non","TMO‑Non","49.78"
"LAT149‑1","+1.21","+26.81","TMO‑Non","TMO‑Non","TMO‑Non","TMO‑Non","TMO‑Non","TMO‑Non","TMO‑Non"
"GRP663‑1","TMO‑Non","TMO‑Non","+23.72","TMO‑Non","TMO‑Non","TMO‑Non","TMO‑Non","TMO‑Non","79.96"
"GRP666‑5","TMO‑Non","+170.66","+67.49","TMO‑Non","TMO‑Non","TMO‑Non","TMO‑Non","TMO‑Non","TMO‑Non"
"LCL890‑10","+57.11","+16.00","+33.29","TMO‑Non","TMO‑Non","TMO‑Non","TMO‑Non","TMO‑Non","TMO‑Non"
"KLE110‑10","+4.19","+141.85","TMO‑Non","TMO‑Non","TMO‑Non","TMO‑Non","7.85","1.71","35.83"
"REL016‑10","+6.40","+2.50","+124.70","TMO‑Non","TMO‑Non","TMO‑Non","162.49","5.80","4.11"
"LAT162‑1","+22.03","+33.77","TMO‑Non","TMO‑Non","TMO‑Non","TMO‑Non","58.42","22.17","TMO‑Non"
"REL037‑2","+23.59","+1.97","TMO‑Non","+115.55","TMO‑Non","TMO‑Non","TMO‑Non","5.51","14.77"
"GRP666‑4","TMO‑Non","+211.57","+90.12","TMO‑Non","TMO‑Non","TMO‑Non","TMO‑Non","123.70","TMO‑Non"
"GRP196‑1","TMO‑Non","+25.49","TMO‑Non","TMO‑Non","TMO‑Non","TMO‑Non","TMO‑Non","TMO‑Non","TMO‑Non"
"PLA007‑10","+3.56","TMO‑Non","TMO‑Non","TMO‑Non","+77.94","TMO‑Non","TMO‑Non","1.31","18.75"
"LAT400‑3","+28.67","TMO‑Non","+14.05","64.92","TMO‑Non","TMO‑Non","TMO‑Non","51.02","63.20"
"LCL341‑10","+0.78","+47.67","+108.62","TMO‑Non","TMO‑Non","TMO‑Non","2.22","1.41","TMO‑Non"
"REL036‑2","+21.54","+7.35","TMO‑Non","TMO‑Non","TMO‑Non","TMO‑Non","TMO‑Non","5.08","24.26"
"LAT190‑10","TMO‑Non","+97.60","TMO‑Non","TMO‑Non","TMO‑Non","TMO‑Non","UNK‑Non","TMO‑Non","TMO‑Non"
"GRP706‑1","+215.38","+58.36","+10.97","+194.12","TMO‑Non","TMO‑Non","TMO‑Non","9.95","34.22"
"GRP721‑1","TMO‑Non","+13.24","+198.43","TMO‑Non","TMO‑Non","TMO‑Non","TMO‑Non","TMO‑Non","TMO‑Non"
"LCL306‑10","+5.09","TMO‑Non","TMO‑Non","TMO‑Non","TMO‑Non","TMO‑Non","15.41","1.05","TMO‑Non"
"REL016‑1","+34.18","+1.79","+225.40","TMO‑Non","TMO‑Non","TMO‑Non","TMO‑Non","5.66","5.78"
"CSR065‑10","+3.67","TMO‑Non","TMO‑Non","+110.95","+3.70","TMO‑Non","TMO‑Non","6.95","9.56"
"SYN615‑10","+1.67","TMO‑Non","TMO‑Non","TMO‑Non","TMO‑Non","TMO‑Non","81.94","1.73","TMO‑Non"
"COL043‑1","+35.01","TMO‑Non","TMO‑Non","TMO‑Non","TMO‑Non","TMO‑Non","TMO‑Non","16.71","TMO‑Non"
"LAT158‑1","TMO‑Non","+35.16","+29.45","TMO‑Non","TMO‑Non","TMO‑Non","TMO‑Non","TMO‑Non","15.66"
"CSR049‑10","+4.30","TMO‑Non","TMO‑Non","TMO‑Non","TMO‑Non","TMO‑Non","UNK‑Non","2.49","4.47"
"REL032‑1","+2.50","+0.77","TMO‑Non","TMO‑Non","TMO‑Non","TMO‑Non","171.01","8.91","177.81"
"RNG027‑9","+5.21","TMO‑Non","TMO‑Non","TMO‑Non","TMO‑Non","TMO‑Non","UNK‑Non","6.37","TMO‑Non"
"LAT400‑1","+18.00","TMO‑Non","+8.43","73.94","TMO‑Non","TMO‑Non","TMO‑Non","54.16","TMO‑Non"
"GRP678‑1","+44.01","+113.12","+188.22","TMO‑Non","TMO‑Non","TMO‑Non","TMO‑Non","9.00","TMO‑Non"
"GRP692‑1","+157.39","TMO‑Non","+55.95","+181.48","TMO‑Non","TMO‑Non","TMO‑Non","151.26","81.42"
"REL038‑1","+36.04","+15.49","TMO‑Non","TMO‑Non","TMO‑Non","TMO‑Non","TMO‑Non","11.85","6.00"
"LAT141‑1","TMO‑Non","TMO‑Non","TMO‑Non","TMO‑Non","TMO‑Non","TMO‑Non","TMO‑Non","72.77","TMO‑Non"
"LCL195‑10","+11.29","TMO‑Non","TMO‑Non","TMO‑Non","TMO‑Non","TMO‑Non","TMO‑Non","7.60","54.57"
"LCL224‑10","+5.95","+75.93","TMO‑Non","TMO‑Non","TMO‑Non","TMO‑Non","TMO‑Non","7.53","TMO‑Non"
"MVA003‑1","TMO‑Non","+26.92","TMO‑Non","TMO‑Non","TMO‑Non","TMO‑Non","UNK‑Non","TMO‑Non","TMO‑Non"
"GRP164‑1","TMO‑Non","+181.62","+144.75","TMO‑Non","TMO‑Non","TMO‑Non","TMO‑Non","TMO‑Non","TMO‑Non"
"ALG212‑10","+20.69","+13.50","TMO‑Non","TMO‑Non","TMO‑Non","TMO‑Non","TMO‑Non","61.56","TMO‑Non"
"LCL225‑10","+16.73","TMO‑Non","TMO‑Non","TMO‑Non","TMO‑Non","TMO‑Non","TMO‑Non","55.48","51.35"
"KLE122‑10","+65.75","TMO‑Non","TMO‑Non","TMO‑Non","TMO‑Non","TMO‑Non","234.10","26.86","TMO‑Non"
"GRP725‑1","+151.32","+48.51","TMO‑Non","TMO‑Non","TMO‑Non","TMO‑Non","TMO‑Non","73.17","TMO‑Non"
"RNG028‑5","TMO‑Non","TMO‑Non","TMO‑Non","TMO‑Non","TMO‑Non","TMO‑Non","TMO‑Non","TMO‑Non","TMO‑Non"
"LCL348‑10","+11.76","+76.50","TMO‑Non","TMO‑Non","TMO‑Non","TMO‑Non","172.99","3.52","TMO‑Non"
"RNG027‑7","+1.51","TMO‑Non","TMO‑Non","TMO‑Non","TMO‑Non","TMO‑Non","TMO‑Non","TMO‑Non","TMO‑Non"
"LAT065‑10","TMO‑Non","+101.55","TMO‑Non","TMO‑Non","TMO‑Non","TMO‑Non","TMO‑Non","TMO‑Non","TMO‑Non"
"LAT173‑1","TMO‑Non","+189.53","TMO‑Non","TMO‑Non","TMO‑Non","TMO‑Non","TMO‑Non","TMO‑Non","TMO‑Non"
"RNG028‑8","TMO‑Non","TMO‑Non","TMO‑Non","TMO‑Non","TMO‑Non","TMO‑Non","TMO‑Non","5.22","TMO‑Non"
"LCL148‑10","+131.19","+22.92","+47.79","TMO‑Non","TMO‑Non","TMO‑Non","UNK‑Non","77.85","TMO‑Non"
"LCL245‑10","+33.72","TMO‑Non","TMO‑Non","TMO‑Non","TMO‑Non","TMO‑Non","187.36","3.61","TMO‑Non"
"LAT139‑1","+37.88","+146.89","TMO‑Non","TMO‑Non","TMO‑Non","TMO‑Non","TMO‑Non","151.12","TMO‑Non"
"GRP164‑2","TMO‑Non","+121.74","+95.41","TMO‑Non","TMO‑Non","TMO‑Non","TMO‑Non","TMO‑Non","TMO‑Non"
"RNG029‑5","TMO‑Non","TMO‑Non","TMO‑Non","TMO‑Non","TMO‑Non","TMO‑Non","TMO‑Non","TMO‑Non","TMO‑Non"
"REL040‑1","TMO‑Non","+14.94","TMO‑Non","TMO‑Non","TMO‑Non","TMO‑Non","TMO‑Non","TMO‑Non","TMO‑Non"
"ALG213‑10","+40.45","+8.67","TMO‑Non","TMO‑Non","TMO‑Non","TMO‑Non","TMO‑Non","37.93","TMO‑Non"
"LAT079‑1","TMO‑Non","+232.78","+96.32","TMO‑Non","TMO‑Non","TMO‑Non","TMO‑Non","TMO‑Non","TMO‑Non"
"LAT167‑1","TMO‑Non","+153.96","TMO‑Non","TMO‑Non","TMO‑Non","TMO‑Non","TMO‑Non","TMO‑Non","TMO‑Non"
"RNG029‑6","TMO‑Non","TMO‑Non","TMO‑Non","TMO‑Non","TMO‑Non","TMO‑Non","TMO‑Non","TMO‑Non","TMO‑Non"
"REL040‑10","+33.30","+53.04","TMO‑Non","TMO‑Non","TMO‑Non","TMO‑Non","TMO‑Non","29.78","TMO‑Non"
"KLE152‑10","+28.78","TMO‑Non","TMO‑Non","TMO‑Non","TMO‑Non","TMO‑Non","TMO‑Non","30.54","TMO‑Non"
"ROB031‑2","+52.63","TMO‑Non","TMO‑Non","TMO‑Non","TMO‑Non","TMO‑Non","TMO‑Non","TMO‑Non","TMO‑Non"
"LAT206‑10","+123.52","+40.52","TMO‑Non","TMO‑Non","TMO‑Non","TMO‑Non","TMO‑Non","TMO‑Non","TMO‑Non"
"GRP177‑1","TMO‑Non","+18.35","TMO‑Non","TMO‑Non","TMO‑Non","TMO‑Non","77.93","6.84","TMO‑Non"
"NUM284‑10.014","TMO‑Non","TMO‑Non","TMO‑Non","TMO‑Non","TMO‑Non","TMO‑Non","TMO‑Non","TMO‑Non","TMO‑Non"
"LCL339‑10","TMO‑Non","TMO‑Non","TMO‑Non","TMO‑Non","TMO‑Non","TMO‑Non","TMO‑Non","21.56","TMO‑Non"
"LAT176‑1","+19.90","TMO‑Non","TMO‑Non","TMO‑Non","TMO‑Non","TMO‑Non","TMO‑Non","49.90","TMO‑Non"
"ROB035‑1","+37.37","TMO‑Non","TMO‑Non","TMO‑Non","TMO‑Non","TMO‑Non","TMO‑Non","TMO‑Non","TMO‑Non"
