"problem","Vampire 5.0.1","Vampire 5.0","Zipperpin 2.1.9999","E 3.5.1","Leo‑III 1.8.0","LEO‑II 1.7.0"
"SEU665^2","+0.46","+0.54","+0.97","+0.42","TMO","TMO"
"NUM812^5","+0.45","+0.45","+0.78","+0.43","+11.93","TMO"
"ITP031^1","+0.77","+0.63","+4.89","+0.53","+4.00","GUP"
"SEU595^1","+0.88","+1.57","+4.35","TMO","+48.11","GUP"
"SEU874^5","+0.46","+0.45","+7.59","+0.43","+4.01","TMO"
"SYO064^4.002","+0.67","+0.90","+0.89","+0.49","+3.40","+0.58"
"SEU785^1","+0.82","+1.25","+1.28","+0.74","TMO","GUP"
"ANA125^1","+0.60","+0.48","+0.80","+0.65","+3.65","GUP"
"SEU644^1","+0.75","+0.65","+1.05","+0.57","+7.37","GUP"
"SEU745^1","+0.84","+0.89","+15.32","+0.84","TMO","GUP"
"NUM418^1","+0.50","+0.47","+0.68","+0.50","+2.38","TMO"
"ITP166^1","+0.54","+0.66","+1.93","+0.53","+9.73","GUP"
"SEU642^1","+0.57","+0.69","+1.01","+18.76","+61.67","GUP"
"SEU576^1","+0.54","+0.59","+0.81","+0.45","+4.44","GUP"
"SEU463^1","+0.53","+0.45","+3.57","+0.43","+3.36","GUP"
"QUA004^1","+0.45","+0.41","+0.70","+0.41","+1.93","+33.11"
"NUM925^2","+0.64","+0.75","+1.35","+0.90","+5.33","GUP"
"SEU876^5","+0.84","+0.47","+47.86","TMO","TMO","TMO"
"ALG268^2","+0.76","+0.58","+4.87","+0.58","+3.63","+2.69"
"SYO064^4.001","+0.51","+0.44","+0.81","+0.49","+3.31","+0.40"
"AGT028^1","+0.52","+0.51","+1.02","+0.46","+3.22","+0.96"
"SEU720^1","+1.00","+0.74","+1.19","TMO","+114.53","GUP"
"DAT056^1","+0.36","+0.49","+1.04","+0.41","+2.59","+0.40"
"SEV037^5","+0.70","+0.50","+2.01","TMO","+9.06","TMO"
"ITP200^1","+0.46","+0.71","+3.96","+0.60","TMO","GUP"
"CSR146^2","+0.62","+1.28","+4.06","+0.53","+7.67","TMO"
"SEU574^1","+1.89","+1.39","+9.07","+2.12","TMO","GUP"
"SWV436^4","+0.59","+0.54","+2.50","+0.42","+17.71","+0.49"
"ITP189^1","+0.60","+0.67","+3.56","+0.78","+7.16","GUP"
"ITP175^1","+0.60","+0.53","+0.87","+0.83","TMO","GUP"
"ITP139^1","+0.61","+0.62","+1.76","+0.82","TMO","GUP"
"CSR137^2","+0.52","+0.46","+1.09","+0.34","TMO","+0.48"
"MSC025^2","+0.57","+0.43","+0.77","+17.72","+3.90","GUP"
"SEU709^1","+0.99","+1.69","+1.82","+0.90","TMO","GUP"
"SET646^3","+0.47","+0.78","+0.76","+0.41","+2.03","GUP"
"LCL873^1","+0.54","+0.65","+1.13","+0.63","+2.73","+0.52"
"ALG280^5","+0.44","+0.41","+0.97","+0.42","+2.27","+0.38"
"SEU766^1","+0.99","+0.80","+1.70","+1.15","TMO","GUP"
"SYO543^1","+0.44","+0.50","+0.79","+0.40","+1.35","GUP"
"SEV273^5","+0.55","+0.54","+0.86","+0.34","+2.40","+0.54"
"ITP010^2","+0.45","+0.41","+0.74","+0.42","+2.48","GUP"
"SYO241^5","+0.54","+0.43","+0.96","+0.34","+6.70","GUP"
"SEU596^1","+0.74","+24.35","+0.93","+18.02","+6.62","GUP"
"SYO038^1.003.003","+0.55","+0.96","+0.86","+0.61","+3.12","+0.49"
"QUA006^1","+0.49","+0.69","+1.07","+0.68","+5.34","+64.56"
"SYO545^1","+0.59","+1.01","+4.07","+0.42","+38.32","TMO"
"SEU692^1","+0.92","+1.06","+10.09","+20.03","TMO","GUP"
"ALG279^5","+0.46","+0.53","+1.10","+0.43","+2.25","+0.38"
"ITP173^1","+0.88","+0.68","+1.24","+0.63","TMO","GUP"
"SYO448^1","+0.46","+0.49","+1.06","+0.48","+3.18","+0.48"
"ITP140^1","+0.56","+0.65","+1.42","+0.53","+4.38","GUP"
"ITP163^1","+0.61","+0.53","+1.39","+0.49","+24.42","GUP"
"ITP034^1","+0.66","+0.58","+1.02","+0.50","+5.44","GUP"
"ITP174^1","+0.90","+0.68","+1.20","+0.59","TMO","GUP"
"AGT033^1","+0.61","+0.76","+1.00","+0.58","+2.99","+0.74"
"SEU765^1","+1.45","+5.08","+2.70","+19.78","TMO","GUP"
"ITP134^1","+0.79","+0.99","+75.03","TMO","TMO","GUP"
"CSR134^2","+0.50","+0.54","+1.10","+0.37","+10.37","+92.39"
"SEU457^1","+0.46","+0.48","+0.89","+0.49","+2.53","GUP"
"ITP123^1","+0.55","+0.71","+1.73","+0.48","+15.19","TMO"
"SYN393^4.002","+0.95","+0.50","+1.38","+146.68","TMO","TMO"
"SEU577^1","+0.55","+0.44","+1.26","180.00","+2.31","GUP"
"ITP033^1","+0.60","+0.60","+2.47","+0.54","+17.36","GUP"
"NUM636^2","+0.35","+0.47","+0.88","+0.52","+7.23","TMO"
"ITP094^1","+0.80","+0.55","+1.21","+0.64","+39.31","GUP"
"ITP160^1","+0.79","+0.72","+1.54","+0.67","TMO","GUP"
"SEV300^5","+0.46","+0.55","+9.19","+0.54","+3.93","GUP"
"ITP142^1","+0.70","+0.70","+4.67","+0.79","+5.88","GUP"
"ITP169^1","+0.62","+0.43","+15.34","+0.68","+9.26","GUP"
"SEU611^2","+0.44","+0.47","+0.74","+0.53","+2.35","TMO"
"ITP018^1","+0.46","+0.49","+0.71","+0.50","+4.90","+8.64"
"SYO025^1","+0.44","+0.42","+0.76","+0.49","+2.30","GUP"
"SEU523^1","+0.45","+0.71","+1.15","+0.45","+4.05","GUP"
"SET672^3","+0.45","+0.39","+1.00","+0.41","+2.57","GUP"
"SEU875^5","+0.44","+0.48","+5.11","+0.51","+8.43","TMO"
"QUA012^1","+0.59","+1.04","+1.45","+0.45","+5.75","+76.19"
"SEU630^2","+0.43","+0.45","+0.85","+0.43","+26.44","TMO"
"NUM926^1","+0.49","+0.46","+2.01","+0.51","+14.60","GUP"
"SWX177^1*","+0.39","+0.49","+10.33","+0.90","+153.77","GUP"
"SWX159^1*","+0.93","+0.85","+2.76","+0.80","TMO","GUP"
"SWX173^1*","+0.43","+0.48","+7.32","+1.08","+34.12","GUP"
"SWX174^1*","+0.54","+0.42","+6.19","+2.04","TMO","GUP"
"SEU494^1","+0.51","+0.43","+0.75","+0.55","+2.34","GUP"
"SEU733^1","+1.13","+1.08","+5.04","+0.60","TMO","GUP"
"SEV108^5","+5.61","+23.22","TMO","TMO","TMO","+70.89"
"SEU649^2","+0.49","+0.58","+0.94","+0.48","+2.36","+3.53"
"SEU497^1","+0.45","+0.38","+0.70","+0.44","+3.49","GUP"
"SEU673^1","+22.41","+1.33","+8.82","+0.72","TMO","GUP"
"SET615^3","+0.42","+0.49","+0.86","+0.42","+1.45","GUP"
"ITP080^1","+9.21","+12.31","+6.35","+0.79","+14.16","GUP"
"SEU705^2","+1.85","+0.57","+1.12","+0.43","+2.51","GUP"
"NUM926^2","+1.27","+1.97","+4.77","+0.97","TMO","GUP"
"SEU524^1","+0.85","+2.22","+0.98","+0.46","+4.20","GUP"
"AGT034^2","+0.70","+0.54","+1.54","+0.51","+2.95","+0.55"
"AGT037^1","+0.62","+0.48","+0.96","+0.60","+3.64","+0.61"
"SET671^3","+0.57","+0.50","+0.76","+0.34","+3.63","GUP"
"SEV208^5","+6.37","+5.43","+11.20","+0.57","TMO","TMO"
"SEU803^1","+1.29","+7.55","+1.14","+1.42","TMO","GUP"
"SET752^4","+0.47","+0.40","+0.77","+0.33","+4.87","GUP"
"ALG262^2","+1.66","+0.63","+0.82","+0.47","+2.59","+10.67"
"SEU713^1","+1.61","+0.94","+1.06","+0.89","TMO","GUP"
"NUM817^5","+0.43","+0.42","+1.03","+0.55","+3.38","TMO"
"SEV267^5","+3.83","+3.45","+7.57","+0.50","TMO","TMO"
"SWW474^2","+1.10","+8.04","+5.67","+0.90","+9.08","GUP"
"ITP054^1","+1.10","+3.15","+4.65","+9.41","+37.39","GUP"
"SEV129^5","+0.45","+0.52","+91.29","+0.42","TMO","+1.62"
"ITP152^1","+0.44","+0.67","+1.94","+0.54","TMO","GUP"
"SET741^4","+0.58","+0.43","+1.11","+0.42","+2.62","+0.38"
"SET640^3","+0.48","+0.45","+0.84","+0.49","+2.68","GUP"
"ITP077^1","+0.77","+0.49","+1.68","+0.75","+44.54","GUP"
"GEG020^1","+1.11","+0.67","+15.38","+0.95","+3.33","GUP"
"SEU640^1","+2.39","+30.83","+2.98","TMO","TMO","GUP"
"SEU997^5","+0.77","+0.80","+1.33","+0.43","+2.76","+0.97"
"SEU819^1","+1.73","+3.92","+9.27","+19.37","TMO","GUP"
"SEV429^1","+0.44","+0.38","+0.89","+0.43","+2.50","TMO"
"SEU611^1","+1.57","+0.87","+7.80","+180.00","TMO","GUP"
"SEU813^1","+3.38","+1.61","+1.64","+0.80","TMO","GUP"
"ITP058^1","+0.66","+0.68","+2.35","+0.63","TMO","GUP"
"ITP236^3","+6.57","+7.06","+12.37","+9.64","GUP","GUP"
"SEU753^2","+0.80","+0.47","+2.59","+0.43","TMO","TMO"
"SEU868^5","+0.69","+1.19","+7.17","+0.58","UNK","GUP"
"ITP170^1","+0.78","+0.54","+1.20","+0.56","TMO","GUP"
"SWW470^1","+1.50","+0.97","+0.95","+0.52","+28.45","GUP"
"SET609^3","+0.46","+0.48","+0.82","+0.40","+3.49","GUP"
"SEU807^2","+0.60","+1.38","+0.81","+0.33","+2.34","GUP"
"SWW474^3","+0.82","+5.76","+6.10","+1.54","+30.87","GUP"
"AGT039^1","+0.42","+0.60","+1.39","+0.45","+2.51","+0.56"
"ITP124^1","+0.93","+0.48","+1.47","+0.66","TMO","+18.02"
"CSR148^2","+0.50","+0.53","+1.03","+0.43","+3.02","+0.60"
"QUA005^1","+0.63","+0.96","+0.81","+0.62","+10.22","+91.44"
"NUM651^1","+0.44","+0.57","+1.28","+0.42","+5.25","GUP"
"SWX158^1*","+0.51","+0.79","+1.78","+0.73","TMO","GUP"
"SWX181^1*","+0.85","+2.06","+7.80","TMO","TMO","GUP"
"SWX180^1*","+0.54","+0.42","+9.64","+0.53","TMO","GUP"
"SWX176^1*","+0.57","+0.45","+10.88","+1.75","+96.16","GUP"
"SWX154^1*","+1.14","+1.43","+2.42","TMO","+15.87","GUP"
"NUM926^3","+1.51","+2.03","+20.56","+1.48","TMO","GUP"
"ITP269^3","+4.94","+5.19","+12.94","+31.61","TMO","GUP"
"ITP061^1","+0.73","+4.19","+4.69","+0.68","TMO","GUP"
"SEU676^1","+0.78","+0.90","+0.95","+1.03","TMO","GUP"
"ITP086^1","+0.82","+0.67","+16.17","+45.88","TMO","GUP"
"SEV010^5","+1.37","+0.73","+7.19","+13.98","TMO","+0.68"
"CSR128^2","+0.61","+0.62","+0.83","+0.45","+4.84","TMO"
"SEV199^5","+0.85","+0.69","+1.11","+0.43","+102.28","TMO"
"SEU689^2","+0.48","+0.52","+1.61","+0.54","TMO","TMO"
"ITP010^5","+22.85","+31.49","+6.51","+5.91","TMO","GUP"
"NUN025^3","+0.42","+0.35","+0.74","+0.52","+4.07","GUP"
"SEU749^1","+3.43","+2.08","+105.92","+18.29","TMO","GUP"
"ITP110^1","+0.75","+0.67","+0.84","TMO","TMO","GUP"
"SWV446^1","+2.94","+1.23","+35.25","+0.70","+65.11","+9.54"
"SYO544^1","+0.69","+3.21","+6.96","+0.61","TMO","TMO"
"SEU742^1","+1.16","+0.79","+2.42","+18.46","TMO","GUP"
"ITP100^1","+0.99","+0.51","+0.62","+0.58","TMO","GUP"
"SEU645^2","+0.40","+0.68","+7.91","+0.41","+2.64","TMO"
"SEU639^2","+0.96","+0.66","+4.45","+6.26","+2.44","TMO"
"SEU691^2","+0.87","+0.73","+3.08","+0.46","TMO","TMO"
"ITP150^1","+2.20","+2.29","+8.27","+0.78","+18.15","+8.78"
"ITP001^4","+0.64","+0.46","+0.76","+0.47","+3.85","GUP"
"SEU675^1","+1.46","+1.74","+18.14","+18.49","TMO","GUP"
"ITP269^1","+12.79","+11.96","+11.45","+27.61","TMO","GUP"
"SEU657^1","+1.49","+6.86","+2.53","+0.99","TMO","GUP"
"SEU776^1","+2.34","+3.75","+39.67","+2.16","TMO","GUP"
"ITP156^1","+0.64","+0.76","+2.13","+0.39","TMO","GUP"
"ITP084^1","+0.80","+1.84","+7.35","+0.50","TMO","GUP"
"ITP085^1","+0.64","+1.33","+10.44","+0.64","TMO","GUP"
"LCL872^1","+0.45","+0.64","+1.81","+179.99","TMO","+0.64"
"SYO208^5","+0.68","+0.53","+0.78","+0.48","+3.05","GUP"
"LCL945^9","+85.37","+3.15","+7.85","+39.55","TMO","TMO"
"GEG014^1","+0.90","+0.70","+11.73","+61.17","+19.00","GUP"
"SWX165^1*","+1.11","+1.05","+3.31","+0.50","TMO","GUP"
"SWX178^1*","+0.52","+0.62","+89.84","+0.62","+121.81","GUP"
"SWX179^1*","+0.62","+0.75","TMO","+3.99","+159.84","GUP"
"SWX175^1*","+0.47","+0.52","+47.90","+3.77","TMO","GUP"
"SWX157^1*","+1.08","+3.46","+86.22","+0.76","TMO","GUP"
"SWX155^1*","+1.60","+0.97","+1.54","+0.75","+6.11","GUP"
"SWX160^1*","+0.74","+1.92","+82.35","+0.54","TMO","GUP"
"SWX184^1*","+14.86","+42.17","+9.59","+0.69","TMO","GUP"
"SWX183^1*","+1.26","+38.19","+9.39","+0.38","TMO","GUP"
"SWX167^1*","+1.15","+4.48","+18.18","+1.08","TMO","GUP"
"SWX172^1*","+4.06","+5.01","+87.85","+0.66","TMO","GUP"
"ITP147^1","+0.63","+0.77","+11.77","+19.92","TMO","GUP"
"ITP076^1","+0.49","+0.56","+1.45","TMO","+52.13","GUP"
"ITP210^3","+12.39","+16.53","+4.18","+7.92","+4.22","GUP"
"ITP004^2","+0.88","+1.95","+5.54","+0.45","+17.41","TMO"
"ITP246^1","+6.75","+9.89","+12.02","+25.69","TMO","GUP"
"ITP141^1","+1.87","+1.13","+9.47","+19.14","TMO","GUP"
"ALG247^2","+1.01","+0.63","+0.89","TMO","+3.73","TMO"
"ITP015^2","+7.83","+6.00","+20.20","+6.15","TMO","+56.76"
"SEU968^5","+3.57","+3.06","+164.38","+0.55","+119.07","TMO"
"SEU665^1","+1.34","+1.62","+19.94","+1.10","TMO","GUP"
"ITP280^3","+12.78","+20.90","+10.78","+36.61","TMO","GUP"
"MSC007^1.003.004","+0.68","+0.66","+19.54","+0.52","+6.21","TMO"
"LCL460^7","+2.37","+6.37","+37.89","+6.63","TMO","TMO"
"SEU764^1","+54.61","+3.37","+16.69","TMO","TMO","GUP"
"ITP225^1","+6.25","+10.44","+5.73","+9.55","TMO","GUP"
"ALG251^3","+0.95","+0.91","+4.96","+0.47","+19.50","TMO"
"SEU655^2","+2.18","+0.56","+1.92","+0.48","TMO","TMO"
"NUM639^4","+1.02","+0.60","+1.77","+0.61","TMO","GUP"
"ITP246^3","+12.26","+19.22","+23.38","+26.22","TMO","GUP"
"SEU630^1","+1.25","+1.41","+9.32","+32.51","TMO","GUP"
"SEU490^1","+1.42","+0.64","+7.78","+28.45","TMO","GUP"
"ITP243^3","+5.04","+18.88","+7.82","+55.33","TMO","GUP"
"SEU743^1","+8.01","+52.42","+17.01","+19.39","TMO","GUP"
"SEU938^5","+2.76","+0.47","+1.50","+0.34","+21.22","GUP"
"SEV041^5","+2.95","+1.23","+3.98","TMO","+86.49","+13.51"
"ALG251^2","+0.95","+0.69","+4.64","+0.58","+4.09","+2.83"
"COM024^5","+0.57","+6.97","+0.80","+0.50","+4.13","TMO"
"SWX170^1*","+4.20","+4.05","+88.95","+0.84","TMO","GUP"
"SWX168^1*","+4.38","+5.90","+88.41","+0.59","TMO","GUP"
"SWX166^1*","+2.46","+3.53","+88.14","+0.81","TMO","GUP"
"SWX162^1*","+0.96","+1.04","+88.41","+0.60","TMO","GUP"
"SWX171^1*","+8.68","+11.03","+88.87","+0.91","TMO","GUP"
"SWX161^1*","+1.24","+7.62","+7.56","+0.91","TMO","GUP"
"SWX169^1*","+10.68","+3.96","+87.81","+0.67","TMO","GUP"
"SWX156^1*","+1.20","+8.41","+17.09","+0.85","TMO","GUP"
"ITP185^1","+0.67","+0.85","+10.26","TMO","TMO","GUP"
"SEU481^1","+1.42","+0.89","+6.95","+0.46","TMO","GUP"
"SYO246^5","+0.44","+0.54","+4.65","+0.67","TMO","+0.54"
"NUM654^4","+4.54","+97.29","+2.75","+0.53","TMO","GUP"
"ITP019^5","+26.33","+56.55","+11.73","+8.85","TMO","GUP"
"ITP011^1","+1.20","+9.39","+13.71","+0.99","TMO","TMO"
"ITP278^1","+12.39","+14.41","+18.78","TMO","TMO","GUP"
"ITP262^1","+14.51","+11.68","+91.34","+37.58","TMO","GUP"
"ALG292^5","+65.34","+52.72","+83.66","TMO","TMO","TMO"
"SEU953^5","+0.58","+50.16","+1.01","+0.43","+3.50","TMO"
"NUM656^4","+1.26","+4.16","+3.33","+0.64","TMO","GUP"
"ITP256^1","+11.15","+7.72","+20.26","+39.98","TMO","GUP"
"ITP208^3","+8.46","+24.29","+33.66","+24.65","GUP","GUP"
"NUM782^4","+3.94","+1.67","+1.13","+0.51","TMO","GUP"
"NUM726^4","+2.98","+3.31","+1.80","+0.94","TMO","GUP"
"SEU716^1","+0.75","+1.20","+5.16","+1.96","TMO","GUP"
"SWX163^1*","+14.78","+8.50","+88.44","+0.90","TMO","GUP"
"SWX164^1*","+5.22","+6.79","+88.03","+0.65","TMO","GUP"
"SWX182^1*","+1.16","+1.32","TMO","TMO","TMO","GUP"
"ITP009^1","+21.03","+51.59","+18.25","+0.49","TMO","TMO"
"ITP012^4","+46.01","+36.18","+4.85","+22.29","+17.99","GUP"
"ITP158^1","+2.76","+4.15","+43.13","+2.07","TMO","GUP"
"SYO069^4.003","+20.45","+7.42","+17.30","TMO","TMO","TMO"
"SYO069^4.002","+7.68","+7.87","+6.07","TMO","TMO","TMO"
"SEU701^2","+23.21","+3.20","+7.48","TMO","TMO","GUP"
"LCL877^1","+0.61","+2.03","+46.17","TMO","TMO","+1.65"
"SEV170^5","+2.17","+4.29","+31.09","GUP","TMO","TMO"
"NUM684^4","+2.45","+1.10","+11.50","+0.61","TMO","GUP"
"SEU906^5","+0.54","+0.58","+26.86","GUP","+6.70","TMO"
"NUM746^4","TMO","+16.19","+17.41","+1.87","TMO","GUP"
"NUM702^4","+3.28","TMO","+17.71","+1.34","TMO","GUP"
"SYO067^4.002","+10.80","+116.36","+6.52","+6.11","TMO","+12.66"
"NUM699^4","+1.02","+6.15","+17.14","+0.59","TMO","GUP"
"PHI005^4","+6.18","+39.11","+10.34","+3.75","TMO","TMO"
"NUM750^4","+113.77","+71.31","+18.59","+0.83","TMO","GUP"
"NUM672^4","+0.97","+15.97","+12.16","+1.05","TMO","GUP"
"SEU486^1","+25.21","+11.12","+82.54","TMO","TMO","GUP"
"ALG265^2","+6.23","+1.52","+17.63","TMO","TMO","TMO"
"SEV529^1","+1.43","+1.27","+0.95","TMO","TMO","TMO"
"NUM671^4","+0.58","+0.48","+0.71","+0.47","TMO","GUP"
"SYO873^1","+3.19","+4.33","+105.01","+61.55","TMO","TMO"
"SEU773^1","+16.73","TMO","+40.47","+1.10","TMO","GUP"
"ITP238^3","+10.61","+17.70","+99.84","+46.24","GUP","GUP"
"SEV023^5","+4.34","+147.41","+7.82","+6.05","TMO","TMO"
"SYO066^4.003","+5.96","+52.35","+156.27","TMO","TMO","TMO"
"SEU634^1","+61.55","+77.85","+9.06","TMO","TMO","GUP"
"ITP013^2","+6.84","+3.32","+33.95","+52.96","TMO","TMO"
"NUM681^4","+0.67","+1.02","+11.35","+0.98","TMO","GUP"
"ITP292^1","+14.34","+12.56","TMO","+126.26","GUP","GUP"
"NUM743^4","TMO","+25.75","+18.47","+1.88","TMO","GUP"
"SEU711^1","+21.40","TMO","+9.68","+73.74","TMO","GUP"
"NUM677^4","+0.60","+0.73","+10.83","+0.74","TMO","GUP"
"SYO881^1","+2.71","+3.00","TMO","+60.83","TMO","TMO"
"SYO069^4.004","+17.40","+11.70","+32.21","TMO","TMO","TMO"
"NUM673^4","+0.65","+0.79","+17.45","+0.91","TMO","GUP"
"ITP021^2","+8.49","+21.05","TMO","+36.62","TMO","GUP"
"PUZ127^5","+3.79","+9.35","TMO","TMO","TMO","TMO"
"ITP223^1","+15.73","+12.63","+161.40","TMO","TMO","GUP"
"SEV106^5","+57.45","+11.91","+6.90","TMO","+11.92","TMO"
"NUM665^4","+1.45","+9.97","+17.89","TMO","TMO","GUP"
"SEU488^1","+1.89","+1.14","+17.65","TMO","TMO","GUP"
"SEV027^5","+12.36","+37.33","TMO","TMO","TMO","TMO"
"SET013^7","TMO","TMO","UNK","+1.48","TMO","TMO"
"SEV032^5","+116.00","+59.68","+12.68","TMO","TMO","TMO"
"ITP011^2","+4.71","+7.25","+114.49","+37.65","TMO","GUP"
"SEV198^5","TMO","TMO","+17.63","+2.71","TMO","TMO"
"ITP012^5","+133.24","+105.25","+18.71","+16.22","TMO","GUP"
"NUM826^5","TMO","+8.59","TMO","TMO","TMO","TMO"
"SEV102^5","TMO","TMO","TMO","TMO","TMO","TMO"
"ALG269^2","TMO","+0.75","+157.59","TMO","TMO","TMO"
"ALG269^3","+3.07","+10.58","+9.39","TMO","TMO","TMO"
"SEU689^1","+43.38","TMO","TMO","TMO","TMO","GUP"
"LCL941^5","+10.59","+9.70","+118.79","TMO","TMO","TMO"
"ITP015^5","TMO","TMO","+34.22","+15.13","TMO","GUP"
"ITP021^5","+160.19","+93.32","TMO","TMO","TMO","GUP"
"ITP242^3","TMO","TMO","TMO","+83.15","TMO","GUP"
"SEU600^1","+46.16","TMO","TMO","TMO","TMO","GUP"
"SEU656^1","TMO","TMO","TMO","+25.22","TMO","GUP"
"NUM700^4","TMO","TMO","TMO","+2.21","TMO","GUP"
"SEU912^5","TMO","+22.21","TMO","TMO","TMO","TMO"
"LCL692^1","+145.04","TMO","UNK","TMO","TMO","TMO"
"ITP271^3","+23.71","+39.48","+171.98","+167.85","TMO","GUP"
"ANA129^1","TMO","TMO","TMO","TMO","+40.40","GUP"
"NUM793^4","TMO","TMO","+77.60","TMO","TMO","GUP"
"SEV207^5","TMO","TMO","+29.76","+5.19","TMO","TMO"
