"problem","Vampire 5.0.1","Vampire 5.0","CSI_PP 1.0","E 3.5.1","iProver 3.9.4","Drodi 4.1.1","LisaST 0.9","Prover9 2026‑6A","Zipperpin 2.1.9999","ConnectPP 0.7.2","FindProof 0.1","mrs 0.2.0","Prover9 1109a","SUPr 1.0","SPASS‑SCL 0.1.1","VIP 1.718","SATResetCoP 1.0"
"COM008+1","+3.81","+2.48","+0.54","+0.52","+1.17","+110.80","+23.66","+9.51","+68.45","TMO","GUP","UNK","+28.13","GUP","TMO","+114.80","UNK"
"KRS216+1","+1.50","+0.45","+115.46","+0.42","+1.24","+0.53","+7.13","+8.11","+0.90","+78.16","TMO","+57.40","+82.18","UNK","TMO","TMO","UNK"
"CSR114+8","+1.74","+0.96","+1.50","+0.63","+55.15","+3.66","+11.01","+0.65","UNK","+39.60","GUP","TMO","TMO","UNK","TMO","TMO","UNK"
"CSR048+3","+2.22","+0.70","+0.65","+0.81","+1.28","+0.84","+7.52","+0.42","+2.02","+20.83","+24.47","+0.85","TMO","+7.14","+6.83","TMO","UNK"
"KRS190+1","+1.38","+0.46","+0.52","+0.45","+1.35","+0.42","+10.24","+0.49","+0.86","+19.24","+2.94","UNK","+0.84","+0.52","+4.93","+0.48","UNK"
"CSR058+3","+2.22","+1.37","+1.30","+1.38","+3.32","+0.54","+6.12","TMO","+2.69","+16.72","+62.66","+1.02","TMO","+18.14","+0.95","+50.38","+62.37"
"CSR113+13","+2.65","+0.64","+0.88","+1.18","+56.93","+2.93","+20.54","TMO","UNK","TMO","GUP","TMO","TMO","UNK","TMO","TMO","UNK"
"CSR116+10","+1.77","+0.80","+1.24","+0.99","+49.55","+113.44","+9.72","+1.80","+9.21","TMO","GUP","UNK","TMO","UNK","TMO","TMO","UNK"
"CSR042+3","+1.84","+0.69","+0.75","+1.03","+4.36","+0.80","+7.40","+0.48","+2.13","+15.92","+32.57","+0.85","TMO","+6.94","+2.41","TMO","UNK"
"NUN080+1","+1.38","+0.52","+0.64","+0.48","+1.33","+0.42","+1.80","+0.43","+1.33","+0.51","+1.95","+0.47","+0.47","+0.45","TMO","TMO","+164.15"
"CSR044+3","+1.04","+0.64","+0.82","+0.59","+1.32","+2.83","+8.09","+0.47","+3.53","TMO","+40.65","UNK","TMO","+13.87","TMO","TMO","UNK"
"KRS262+1","+1.33","+0.47","+0.60","+0.41","+1.36","+0.41","+4.26","+0.46","+0.94","+18.40","+1.55","+0.65","+0.55","UNK","TMO","+0.47","UNK"
"CSR116+13","+1.63","+0.60","+0.92","+0.96","+51.88","+11.70","+8.64","+1.47","+4.92","TMO","GUP","TMO","TMO","TMO","TMO","TMO","UNK"
"KRS192+1","+1.22","+0.52","+115.51","+0.44","+1.13","+0.40","TMO","+98.36","+0.57","+28.31","TMO","UNK","+75.44","+3.27","TMO","+0.52","UNK"
"KRS195+1","+1.10","+0.47","+0.70","+0.34","+1.26","+0.37","+11.06","+0.49","+0.80","+1.60","+6.74","UNK","+0.49","+0.59","+7.57","+0.48","UNK"
"CSR113+30","+2.73","+1.27","+0.93","+0.84","+59.98","+2.29","+20.60","TMO","UNK","TMO","GUP","TMO","TMO","UNK","TMO","TMO","UNK"
"CSR052+3","+1.64","+0.62","+0.91","+0.94","+1.05","+2.79","+14.86","TMO","+27.33","+132.85","+27.50","+1.57","TMO","+6.54","TMO","TMO","UNK"
"CSR045+3","+4.77","+0.63","+4.71","+1.51","+22.46","+2.07","+10.36","GUP","+3.50","TMO","TMO","+1.63","TMO","+6.77","TMO","TMO","UNK"
"CSR113+4","+2.73","+0.73","+0.92","+0.84","+52.78","+1.67","+12.62","TMO","UNK","TMO","TMO","TMO","TMO","UNK","TMO","TMO","UNK"
"SWV014+1","+1.54","+0.42","+0.57","+0.42","+1.25","+0.42","+1.99","+0.77","+0.75","TMO","TMO","UNK","TMO","UNK","TMO","TMO","UNK"
"KRS187+1","+1.33","+0.43","+0.50","+0.48","+1.24","+0.43","+20.42","+0.53","+0.85","+19.09","+4.84","UNK","+0.63","+0.39","+4.90","+0.47","UNK"
"GEO260+1","+1.89","+0.54","+0.69","+0.41","+1.34","+0.83","+12.91","+0.40","+2.47","+38.04","TMO","+0.56","+0.39","+4.86","+0.49","TMO","+123.27"
"KRS251+1","+0.89","+0.46","+1.92","+21.22","+1.83","+0.65","TMO","TMO","UNK","+90.40","TMO","UNK","TMO","UNK","TMO","TMO","UNK"
"KRS234+1","+1.44","+0.59","+0.50","+0.41","+0.94","+0.45","+4.43","+0.59","+0.88","+18.49","+7.37","UNK","+0.88","+1.45","TMO","+8.74","UNK"
"CSR054+3","+1.51","+0.56","+0.69","+0.93","+2.67","+0.74","+11.12","+0.34","+2.11","+47.48","+47.55","+5.94","TMO","+12.33","+0.67","TMO","UNK"
"CSR115+8","+1.44","+0.78","+1.06","+1.38","+2.46","+19.86","+9.26","+0.71","+4.24","TMO","TMO","UNK","TMO","UNK","TMO","TMO","UNK"
"SYO605+1","+1.17","+0.46","+0.85","+2.25","+3.20","TMO","+5.20","TMO","UNK","+6.94","GUP","+0.88","TMO","UNK","TMO","TMO","UNK"
"LCL688+1.001","+2.69","+0.84","+0.76","+4.84","+1.67","+0.62","+9.68","TMO","+10.25","TMO","TMO","UNK","TMO","UNK","TMO","TMO","UNK"
"CSR056+3","+1.67","+0.89","+0.73","+0.61","+18.98","+1.28","+9.11","GUP","+2.09","TMO","+40.71","+20.19","TMO","+8.34","TMO","TMO","UNK"
"CSR067+3","+1.64","+0.64","+0.57","+0.55","+1.23","+1.28","+4.61","+0.43","+2.12","+45.48","+30.76","+0.79","TMO","+7.16","+2.30","TMO","UNK"
"KRS233+1","+1.36","+0.53","+0.79","+10.04","+1.52","+0.40","TMO","+4.54","+1.96","+23.44","TMO","UNK","+4.54","+10.55","TMO","+5.99","UNK"
"NUN054+1","+2.15","+1.18","+0.52","+0.65","+1.89","+3.54","+2.38","+3.15","+15.96","TMO","+9.55","TMO","TMO","UNK","TMO","TMO","UNK"
"KRS196+1","+1.84","+0.42","+0.63","+0.50","+1.25","+0.37","+10.26","+0.41","+0.79","+0.98","+6.94","UNK","+0.48","+0.38","+3.77","+0.90","UNK"
"KRS261+1","+1.48","+0.47","+0.49","+0.42","+1.29","+0.76","TMO","+1.58","+11.86","+168.30","TMO","+92.10","TMO","UNK","TMO","TMO","UNK"
"CSR116+19","+1.71","+0.75","+1.31","+0.94","+81.27","+21.17","+9.59","+1.03","+11.68","TMO","GUP","UNK","TMO","TMO","TMO","TMO","UNK"
"CSR116+8","+1.77","+0.72","+1.38","+0.93","+63.77","+65.56","+9.27","+1.26","+29.37","TMO","GUP","TMO","TMO","TMO","TMO","TMO","UNK"
"LCL368+1","+4.05","+41.98","+4.52","+3.97","+34.53","+5.34","+10.50","+0.96","+101.50","TMO","+5.80","UNK","TMO","UNK","TMO","TMO","UNK"
"NUN076+1","+1.97","+0.59","+1.11","+0.52","+1.72","+1.11","+2.80","+1.27","+1.05","TMO","+1.84","+9.27","+1.05","UNK","TMO","TMO","UNK"
"LCL368+2","+3.39","+24.35","+117.08","+34.51","+147.24","+176.09","+39.28","+2.50","UNK","TMO","TMO","TMO","TMO","UNK","TMO","TMO","UNK"
"CSR033+3","+2.11","+0.73","+0.85","+0.78","+1.70","+2.07","+8.59","+0.43","+102.97","TMO","+30.89","+12.85","TMO","+15.55","TMO","TMO","UNK"
"NUN062+1","+1.89","+0.42","+0.54","+0.58","+1.25","+0.42","+1.79","+95.98","+1.06","+72.44","+3.82","+0.44","+46.92","UNK","TMO","TMO","UNK"
"LCL648+1.010","TMO","TMO","TMO","TMO","TMO","TMO","TMO","TMO","UNK","TMO","TMO","TMO","TMO","UNK","TMO","TMO","UNK"
"LCL373+2","+1.68","TMO","TMO","TMO","TMO","TMO","TMO","+5.58","UNK","TMO","TMO","TMO","+33.45","UNK","TMO","TMO","UNK"
"LCL369+2","+3.14","+134.95","TMO","TMO","TMO","TMO","TMO","+167.85","UNK","TMO","TMO","TMO","TMO","UNK","TMO","TMO","UNK"
"NUN060+1","+1.38","+0.46","+0.37","+0.43","+1.55","+0.35","+2.79","+0.37","+1.10","+114.21","+2.09","+0.31","+0.39","UNK","TMO","TMO","UNK"
"LCL982+1","+1.38","+0.61","+0.55","+0.42","+1.24","+0.44","+2.07","+0.34","+1.03","+0.49","+1.09","+0.34","+0.39","UNK","TMO","+45.93","UNK"
"NLP261+1","+22.94","+29.32","+20.47","+21.48","+22.54","TMO","GUP","+12.68","TMO","TMO","TMO","TMO","TMO","TMO","TMO","UNK","UNK"
"SYO525+1.018","+41.34","+1.09","+135.45","+0.65","TMO","+18.59","TMO","TMO","+28.21","TMO","GUP","UNK","UNK","GUP","+44.32","TMO","UNK"
"LCL382+2","+1.84","+100.53","+40.66","+59.26","TMO","TMO","TMO","+4.63","UNK","TMO","TMO","UNK","+31.58","UNK","TMO","TMO","UNK"
"LCL370+1","+4.98","+69.19","+3.79","+5.86","+57.75","+15.34","+11.70","+4.88","+87.76","TMO","+18.89","UNK","+4.70","UNK","TMO","TMO","UNK"
"NUN085+1","+5.06","+3.97","+1.71","+1.39","+15.25","TMO","+6.98","TMO","UNK","TMO","TMO","UNK","TMO","UNK","TMO","TMO","UNK"
"NLP262+1","+24.56","+21.02","+28.24","+20.28","+27.18","TMO","GUP","TMO","TMO","TMO","TMO","TMO","TMO","+175.66","TMO","UNK","UNK"
"LCL369+1","+2.50","+41.30","+8.58","+14.66","+61.93","+4.36","TMO","+1.08","UNK","TMO","TMO","UNK","TMO","UNK","TMO","TMO","UNK"
"LCL688+1.015","+4.68","+86.02","TMO","TMO","TMO","TMO","TMO","TMO","UNK","TMO","TMO","UNK","TMO","UNK","TMO","TMO","UNK"
"LCL374+1","+6.06","TMO","+12.01","+11.74","TMO","TMO","TMO","+72.36","UNK","TMO","TMO","UNK","TMO","UNK","TMO","TMO","UNK"
"CSR116+38","+2.40","+0.67","+0.94","+0.93","+56.60","+60.21","+14.39","+0.94","+12.00","TMO","TMO","UNK","TMO","TMO","TMO","TMO","UNK"
"NUN066+1","+3.29","+0.46","+72.93","+3.01","+2.89","+1.39","+3.76","UNK","UNK","+160.64","TMO","+0.45","TMO","UNK","TMO","TMO","UNK"
"LCL390+2","+2.40","+63.11","+11.33","+34.52","+176.56","TMO","TMO","UNK","UNK","TMO","TMO","UNK","+52.02","UNK","TMO","TMO","UNK"
"LCL375+1","+2.63","TMO","+10.35","+10.86","TMO","TMO","GUP","TMO","UNK","TMO","TMO","UNK","TMO","UNK","TMO","TMO","UNK"
"LCL382+1","+4.16","+46.41","+2.48","+5.54","TMO","+2.75","+10.53","+4.25","UNK","TMO","+13.69","TMO","+5.65","UNK","TMO","TMO","UNK"
"LCL372+2","+3.08","+75.03","TMO","TMO","TMO","TMO","TMO","+5.88","UNK","TMO","TMO","TMO","TMO","UNK","TMO","TMO","UNK"
"SYN986+1.004","+10.26","+4.97","+69.42","TMO","+5.47","TMO","TMO","TMO","UNK","TMO","TMO","TMO","TMO","UNK","TMO","TMO","UNK"
"PRD001+1","+2.82","+1.68","+5.17","+9.64","+4.77","+14.90","TMO","TMO","UNK","TMO","GUP","UNK","TMO","UNK","TMO","TMO","UNK"
"LCL650+1.010","+37.70","+25.47","TMO","TMO","+43.81","TMO","TMO","TMO","UNK","TMO","TMO","TMO","TMO","GUP","TMO","TMO","UNK"
"NLP260+1","+24.60","+18.07","+12.04","+21.30","+38.05","TMO","GUP","+13.88","TMO","TMO","TMO","TMO","TMO","TMO","TMO","UNK","UNK"
"CSR030+3","+1.90","+0.66","+0.66","+0.65","+22.73","+1.50","+35.04","+0.34","+2.96","+49.01","TMO","+0.84","TMO","+18.27","TMO","+49.21","UNK"
"CSR116+3","+1.46","+1.38","+0.85","+1.11","+46.05","+14.69","+10.53","+0.88","+8.80","TMO","GUP","UNK","TMO","TMO","TMO","TMO","UNK"
"LCL392+2","+2.22","+46.17","+21.98","+74.35","TMO","TMO","TMO","UNK","UNK","TMO","TMO","UNK","TMO","UNK","TMO","TMO","UNK"
"NUN065+1","+2.29","+0.54","+3.11","+2.11","+2.18","+0.44","+3.98","TMO","UNK","TMO","TMO","TMO","TMO","UNK","TMO","TMO","UNK"
"LCL978+1","+2.82","+32.97","TMO","TMO","TMO","TMO","TMO","UNK","UNK","TMO","TMO","TMO","TMO","UNK","TMO","TMO","UNK"
"LCL395+1","+10.12","TMO","+5.57","+14.98","TMO","TMO","TMO","TMO","UNK","TMO","TMO","TMO","TMO","UNK","TMO","TMO","UNK"
"LCL664+1.010","+1.21","+0.55","TMO","TMO","+6.58","TMO","TMO","TMO","UNK","TMO","GUP","UNK","TMO","UNK","TMO","TMO","UNK"
"LCL383+1","+3.33","+43.76","+3.14","+14.29","TMO","+91.21","+42.96","+5.91","UNK","TMO","TMO","UNK","TMO","UNK","TMO","TMO","UNK"
"LCL393+1","+2.68","TMO","+3.11","+11.82","TMO","TMO","TMO","TMO","UNK","TMO","TMO","UNK","TMO","UNK","TMO","TMO","UNK"
"MGT067+1","+1.86","+0.49","+0.51","+0.55","+1.14","+0.43","+5.72","+0.39","+0.87","+72.70","+1.19","+0.41","+0.80","+2.49","TMO","+46.79","UNK"
"NUN082+1","+4.23","+1.12","+3.99","+6.40","+0.95","+50.64","+3.39","+7.04","+157.82","TMO","TMO","UNK","TMO","UNK","TMO","TMO","UNK"
"LCL652+1.010","+3.02","+6.59","+135.45","+60.44","+12.08","TMO","TMO","TMO","UNK","TMO","TMO","UNK","TMO","UNK","TMO","TMO","UNK"
"NUN056+1","+1.55","+10.19","+158.91","+87.55","TMO","+114.96","+13.01","TMO","UNK","TMO","TMO","UNK","TMO","UNK","TMO","TMO","UNK"
"LCL983+1","+17.38","TMO","TMO","TMO","TMO","TMO","TMO","TMO","UNK","TMO","TMO","UNK","TMO","UNK","TMO","TMO","UNK"
"LCL395+2","+4.19","TMO","TMO","TMO","TMO","TMO","TMO","TMO","UNK","TMO","TMO","TMO","TMO","UNK","TMO","TMO","UNK"
"SYO525+1.021","+22.81","+1.08","+135.53","+0.58","TMO","+81.13","TMO","TMO","UNK","TMO","GUP","UNK","UNK","GUP","+50.31","TMO","UNK"
"LCL109+1","TMO","TMO","TMO","TMO","TMO","TMO","TMO","TMO","UNK","TMO","TMO","UNK","TMO","UNK","TMO","TMO","UNK"
"LCL646+1.010","+29.35","+42.87","TMO","TMO","TMO","TMO","TMO","TMO","UNK","TMO","GUP","UNK","TMO","UNK","TMO","TMO","UNK"
"SYN353+1","+1.71","+0.64","+0.43","+0.51","+1.03","+0.42","+2.26","+0.78","+0.97","TMO","+1.99","+54.56","+1.20","UNK","TMO","TMO","UNK"
"LCL393+2","+10.58","TMO","TMO","TMO","TMO","TMO","GUP","TMO","UNK","TMO","TMO","TMO","TMO","UNK","TMO","TMO","UNK"
"NUN075+1","+3.33","TMO","TMO","TMO","TMO","TMO","+52.86","TMO","UNK","TMO","TMO","TMO","TMO","UNK","TMO","TMO","UNK"
"NUN057+1","+6.59","TMO","TMO","TMO","TMO","TMO","TMO","TMO","UNK","TMO","TMO","UNK","TMO","UNK","TMO","TMO","UNK"
"LCL073+1","+57.74","TMO","TMO","TMO","TMO","TMO","TMO","TMO","UNK","TMO","TMO","UNK","TMO","UNK","TMO","TMO","UNK"
"SYO525+1.024","+21.70","+0.86","+135.46","+1.49","TMO","177.64","TMO","TMO","+137.57","TMO","GUP","UNK","UNK","GUP","TMO","TMO","UNK"
"LCL391+2","+4.22","TMO","TMO","TMO","TMO","TMO","GUP","UNK","UNK","TMO","TMO","TMO","TMO","UNK","TMO","TMO","UNK"
"SYO525+1.027","TMO","+1.24","+135.58","+1.75","TMO","TMO","TMO","TMO","UNK","TMO","GUP","UNK","UNK","GUP","+68.10","TMO","UNK"
"LCL646+1.015","+33.86","+34.28","TMO","TMO","TMO","TMO","TMO","TMO","UNK","TMO","GUP","TMO","TMO","UNK","TMO","TMO","UNK"
"LAT258+1","+22.49","TMO","TMO","TMO","TMO","TMO","TMO","TMO","UNK","TMO","TMO","UNK","TMO","GUP","TMO","TMO","UNK"
"NUN086+1","+4.02","+1.18","+10.14","+3.77","+1.31","+51.08","+2.35","UNK","+79.58","TMO","TMO","UNK","TMO","UNK","TMO","TMO","UNK"
"LCL979+1","+67.75","TMO","TMO","TMO","TMO","TMO","TMO","TMO","UNK","TMO","TMO","TMO","TMO","UNK","GUP","TMO","UNK"
"LCL638+1.020","+82.77","TMO","TMO","TMO","TMO","TMO","TMO","TMO","UNK","TMO","GUP","TMO","TMO","TMO","TMO","TMO","UNK"
"SYO525+1.030","TMO","+1.67","+135.57","+1.38","TMO","TMO","TMO","TMO","UNK","TMO","GUP","UNK","UNK","GUP","+109.13","TMO","UNK"
"LCL062+2","+14.77","TMO","TMO","TMO","TMO","TMO","TMO","TMO","UNK","TMO","TMO","TMO","TMO","UNK","TMO","TMO","UNK"
"LCL666+1.010","TMO","TMO","TMO","TMO","TMO","TMO","TMO","TMO","UNK","TMO","TMO","UNK","TMO","UNK","TMO","TMO","UNK"
"LCL662+1.020","TMO","TMO","UNK","TMO","TMO","TMO","GUP","TMO","UNK","TMO","TMO","TMO","TMO","GUP","TMO","TMO","UNK"
