"problem","GAPT 2.20","VaLeaDate 0.1","Norgler 1.1","ProofCheck 1.0","ProofGuard 1.0","mrs‑proover 0.2.0","PyCheck 0.1","GDV 2.0","GDV‑LP 2.0","CheckProof 0.1"
"PRV000+1","+1","+1","+1","+1","+1","+1","+1","+1","+1","+1"
"PRV001+1","+1","+1","+1","+1","+1","+1","+1","+1","+1","‑1"
"PRV002+1","+2","+2","+2","+2","+2","+2","+2","UNK","UNK","+2"
"PRV003+1","+2","+2","+2","+2","+2","+2","+2","UNK","UNK","+2"
"PRV004+1","+1","‑1","‑1","+1","+1","‑1","‑1","+1","+1","+1"
"PRV005+1","+1","‑1","‑1","+1","+1","‑1","‑1","UNK","UNK","‑1"
"PRV006+1","+2","+2","+2","‑10","+2","‑10","‑10","UNK","UNK","+2"
"PRV007+1","+2","+2","+2","+2","+2","+2","+2","UNK","UNK","+2"
"PRV008+1","+2","+2","+2","‑10","+2","‑10","‑10","UNK","UNK","+2"
"PRV009+1","+2","+2","+2","+2","+2","+2","+2","UNK","UNK","+2"
"PRV010+1","+1","‑1","‑1","‑1","+1","+1","+1","+1","+1","‑1"
"PRV011+1","‑1","‑1","‑1","‑1","‑1","‑1","+1","‑1","‑1","‑1"
"PRV012+1","+1","‑1","‑1","‑1","+1","‑1","+1","+1","+1","‑1"
"PRV013+1","‑1","‑1","‑1","‑1","‑1","‑1","+1","‑1","‑1","‑1"
"PRV014+1","+1","‑1","‑1","‑1","+1","‑1","+1","‑1","‑1","‑1"
"PRV015+1","‑1","‑1","‑1","‑1","‑1","‑1","+1","‑1","‑1","‑1"
"PRV016+1","‑1","‑1","‑1","‑1","‑1","‑1","+1","‑1","‑1","‑1"
"PRV017+1","+1","+1","+1","+1","+1","+1","+1","+1","+1","+1"
"PRV018+1","+1","+1","+1","+1","+1","+1","+1","+1","+1","+1"
"PRV019+1","+1","+1","+1","+1","‑1","‑1","UNK","+1","+1","+1"
"PRV020+1","+1","+1","+1","+1","‑1","‑1","UNK","+1","+1","+1"
"PRV021+1","+1","+1","+1","+1","+1","+1","+1","+1","+1","+1"
"PRV022+1","+1","‑1","‑1","+1","+1","+1","UNK","+1","+1","+1"
"PRV023+1","+2","+2","+2","+2","+2","+2","UNK","+2","+2","UNK"
"PRV024+1","+2","+2","+2","+2","+2","+2","UNK","+2","+2","UNK"
"PRV025+1","+2","+2","+2","+2","+2","+2","+2","+2","+2","UNK"
"PRV026+1","+2","+2","+2","+2","+2","+2","+2","+2","+2","+2"
"PRV027+1","+1","+1","+1","+1","‑1","+1","+1","+1","+1","UNK"
"PRV028+1","+2","+2","+2","+2","+2","+2","+2","UNK","UNK","+2"
"PRV029+1","+1","+1","+1","+1","+1","+1","+1","+1","+1","+1"
"PRV030+1","+1","+1","+1","UNK","+1","+1","+1","+1","+1","‑1"
"PRV031+1","+2","+2","+2","+2","+2","‑10","+2","+2","+2","‑10"
"PRV032+1","+2","+2","+2","+2","+2","+2","+2","+2","+2","+2"
"PRV033+1","+1","+1","+1","+1","+1","+1","+1","+1","+1","+1"
"PRV034+1","+1","+1","+1","+1","+1","+1","+1","+1","+1","+1"
"PRV035+1","+2","+2","+2","+2","+2","+2","UNK","UNK","UNK","+2"
"PRV036+1","UNK","UNK","+2","+2","+2","+2","‑10","UNK","UNK","‑10"
"PRV037+1","+2","+2","+2","+2","+2","+2","+2","UNK","UNK","+2"
"PRV038+1","+2","+2","+2","+2","+2","+2","+2","‑10","‑10","‑10"
"PRV039+1","UNK","+2","+2","+2","+2","+2","‑10","UNK","UNK","‑10"
"PRV040+1","+1","+1","+1","UNK","+1","+1","+1","+1","+1","+1"
"PRV041+1","+1","+1","+1","+1","+1","+1","+1","+1","+1","+1"
"PRV042+1","UNK","‑1","‑1","+1","UNK","+1","+1","UNK","UNK","UNK"
"PRV043+1","UNK","TMO","TMO","UNK","UNK","TMO","+1","+1","UNK","UNK"
"PRV044+1","+1","‑1","‑1","+1","+1","+1","+1","+1","‑1","+1"
"PRV045+1","+1","+1","+1","+1","+1","+1","+1","+1","+1","+1"
"PRV046+1","+2","+2","+2","+2","+2","UNK","+2","UNK","UNK","‑10"
"PRV047+1","+2","+2","+2","+2","+2","+2","+2","UNK","UNK","‑10"
"PRV048+1","+1","+1","+1","+1","+1","+1","+1","+1","+1","+1"
"PRV049+1","+2","+2","+2","+2","+2","+2","+2","UNK","UNK","‑10"
"PRV050+1","+2","+2","+2","+2","‑10","+2","+2","UNK","UNK","‑10"
"PRV051+1","+2","+2","+2","+2","+2","+2","‑10","UNK","UNK","‑10"
"PRV052+1","+2","+2","+2","+2","+2","+2","+2","UNK","UNK","‑10"
"PRV053+1","+2","+2","+2","+2","‑10","+2","+2","UNK","UNK","‑10"
"PRV054+1","+2","+2","+2","+2","+2","+2","‑10","UNK","UNK","‑10"
"PRV055+1","+1","+1","+1","+1","+1","+1","+1","+1","+1","+1"
"PRV056+1","+2","+2","+2","+2","+2","+2","UNK","UNK","UNK","+2"
"PRV057+1","UNK","+2","+2","+2","+2","+2","UNK","+2","+2","UNK"
"PRV058+1","+2","+2","+2","‑10","‑10","‑10","+2","‑10","‑10","‑10"
"PRV059+1","+1","‑1","‑1","+1","+1","+1","+1","+1","+1","+1"
"PRV060+1","+1","‑1","‑1","+1","+1","+1","+1","+1","+1","+1"
"PRV061+1","+1","+1","+1","+1","+1","+1","+1","+1","UNK","+1"
"PRV062+1","+1","+1","+1","‑1","+1","+1","+1","+1","+1","+1"
"PRV063+1","+1","+1","+1","+1","‑1","+1","+1","+1","+1","UNK"
"PRV064+1","+1","‑1","+1","+1","+1","+1","+1","+1","+1","+1"
"PRV065+1","UNK","UNK","‑1","‑1","‑1","‑1","UNK","UNK","UNK","UNK"
"PRV066+1","UNK","‑1","‑1","‑1","UNK","‑1","UNK","UNK","UNK","UNK"
"PRV067+1","+2","+2","+2","+2","+2","+2","+2","UNK","UNK","+2"
"PRV068+1","+2","+2","+2","+2","+2","+2","+2","UNK","UNK","+2"
"PRV069+1","+2","+2","+2","UNK","+2","+2","+2","UNK","UNK","+2"
"PRV070+1","+1","+1","+1","+1","+1","+1","+1","+1","+1","+1"
"PRV071+1","UNK","+2","+2","+2","UNK","+2","TMO","UNK","UNK","UNK"
"PRV072+1","UNK","+2","+2","+2","+2","+2","TMO","UNK","UNK","+2"
"PRV073+1","UNK","TMO","+1","+1","UNK","+1","TMO","UNK","UNK","UNK"
"PRV074+1","+2","+2","+2","+2","+2","+2","+2","‑10","‑10","+2"
"PRV075+1","+2","+2","+2","+2","+2","+2","+2","+2","+2","+2"
"PRV076+1","+1","‑1","‑1","‑1","‑1","+1","+1","+1","+1","‑1"
"PRV077+1","+2","+2","+2","+2","+2","+2","UNK","UNK","UNK","+2"
"PRV078+1","+2","+2","+2","+2","+2","+2","+2","UNK","UNK","+2"
"PRV079+1","‑1","‑1","‑1","‑1","‑1","‑1","‑1","UNK","UNK","+1"
"PRV080+1","UNK","‑1","‑1","‑1","UNK","‑1","‑1","UNK","UNK","UNK"
"PRV081+1","‑1","‑1","‑1","+1","‑1","‑1","+1","UNK","UNK","+1"
"PRV082+1","+1","+1","+1","+1","‑1","‑1","UNK","+1","+1","+1"
"PRV083+1","+2","+2","+2","+2","+2","+2","UNK","UNK","UNK","‑10"
"PRV084+1","+2","+2","+2","+2","+2","+2","UNK","UNK","UNK","‑10"
"PRV085+1","UNK","‑1","‑1","+1","+1","‑1","‑1","+1","+1","+1"
"PRV086+1","+2","+2","+2","+2","+2","+2","+2","UNK","UNK","+2"
"PRV087+1","+2","+2","‑10","+2","+2","+2","‑10","‑10","‑10","+2"
"PRV088+1","+1","‑1","‑1","+1","+1","+1","+1","+1","+1","+1"
"PRV089+1","+1","+1","+1","+1","+1","+1","+1","+1","+1","+1"
"PRV090+1","+2","+2","+2","+2","+2","+2","+2","+2","+2","+2"
"PRV091+1","UNK","+2","+2","+2","+2","UNK","UNK","UNK","UNK","+2"
"PRV092+1","UNK","+2","+2","‑10","UNK","‑10","+2","UNK","UNK","‑10"
"PRV093+1","+2","+2","+2","+2","‑10","‑10","UNK","‑10","‑10","‑10"
"PRV094+1","+2","+2","+2","+2","‑10","+2","UNK","UNK","UNK","UNK"
"PRV095+1","+2","+2","+2","+2","+2","+2","+2","UNK","UNK","‑10"
"PRV096+1","+1","‑1","+1","‑1","+1","+1","+1","+1","+1","‑1"
"PRV097+1","+2","UNK","+2","UNK","+2","UNK","UNK","UNK","UNK","+2"
"PRV098+1","UNK","+1","+1","+1","+1","+1","+1","UNK","UNK","+1"
"PRV099+1","UNK","+2","+2","+2","+2","+2","UNK","UNK","UNK","+2"
