"problem","Vampire 5.0","Vampire 5.0.1","Zipperpin 2.1.9999","E 3.5.1","Leo‑III 1.8.0","LEO‑II 1.7.0"
"SEU665^2","+0.54","+0.46","+0.97","+0.42","TMO","TMO"
"SYO324^5","+0.65","+0.51","+4.02","+0.52","TMO","+27.13"
"NUM812^5","+0.45","+0.45","+0.78","+0.43","+11.93","TMO"
"SEV254^5","+2.47","+0.75","TMO","TMO","TMO","TMO"
"ITP031^1","+0.63","+0.77","+4.89","+0.53","+4.00","GUP"
"SYO325^5","+1.35","+0.56","+4.12","+0.45","TMO","TMO"
"SEU595^1","+1.57","+0.88","+4.35","TMO","+48.11","GUP"
"CSR130^1","+0.52","+0.49","+0.91","+0.42","+3.59","+0.43"
"SEU874^5","+0.45","+0.46","+7.59","+0.43","+4.01","TMO"
"PUZ031^5","+0.49","+0.45","+0.88","+0.53","+3.13","+1.36"
"SYO064^4.002","+0.90","+0.67","+0.89","+0.49","+3.40","+0.58"
"SYO264^5","+0.63","+0.48","+1.58","+0.61","+5.28","+15.34"
"SEU785^1","+1.25","+0.82","+1.28","+0.74","TMO","GUP"
"SYN036^5","+0.64","+0.47","+0.90","+0.71","TMO","+0.61"
"ANA125^1","+0.48","+0.60","+0.80","+0.65","+3.65","GUP"
"SEV246^5","+5.12","+0.52","+9.57","+0.69","TMO","TMO"
"SEU644^1","+0.65","+0.75","+1.05","+0.57","+7.37","GUP"
"SYO180^5","+0.48","+0.42","+0.83","+0.75","+3.52","GUP"
"SEU745^1","+0.89","+0.84","+15.32","+0.84","TMO","GUP"
"SEV244^6","+8.80","+0.56","+12.11","+0.46","TMO","TMO"
"NUM418^1","+0.47","+0.50","+0.68","+0.50","+2.38","TMO"
"SYO387^5","+0.47","+0.55","+1.16","+0.47","+2.59","+1.30"
"ITP166^1","+0.66","+0.54","+1.93","+0.53","+9.73","GUP"
"SYO169^5","+0.43","+0.36","+1.06","+0.41","+2.30","+0.48"
"SEU642^1","+0.69","+0.57","+1.01","+18.76","+61.67","GUP"
"NUM665^1","+0.39","+0.45","+0.76","+0.60","+2.29","+52.07"
"SEU576^1","+0.59","+0.54","+0.81","+0.45","+4.44","GUP"
"SEV252^5","+9.04","+0.55","+11.57","+0.44","TMO","TMO"
"SEU463^1","+0.45","+0.53","+3.57","+0.43","+3.36","GUP"
"PUZ047^5","+0.56","+0.48","+0.73","+0.49","+2.52","+0.74"
"QUA004^1","+0.41","+0.45","+0.70","+0.41","+1.93","+33.11"
"SYO527^1","+0.40","+0.45","+0.72","+0.45","+2.28","+0.36"
"NUM925^2","+0.75","+0.64","+1.35","+0.90","+5.33","GUP"
"SYO386^5","+0.44","+0.44","+0.92","+0.42","+2.44","+0.76"
"SEU876^5","+0.47","+0.84","+47.86","TMO","TMO","TMO"
"SEV085^5","+0.40","+0.53","+13.07","+0.43","UNK","TMO"
"ALG268^2","+0.58","+0.76","+4.87","+0.58","+3.63","+2.69"
"SYO388^5","+0.44","+0.46","+1.10","+0.34","+1.59","+3.19"
"SYO064^4.001","+0.44","+0.51","+0.81","+0.49","+3.31","+0.40"
"NUM791^1","+0.39","+0.48","+0.67","+0.43","+3.28","GUP"
"AGT028^1","+0.51","+0.52","+1.02","+0.46","+3.22","+0.96"
"SYO018^1","+0.40","+0.57","+0.73","+0.40","+2.34","+0.38"
"SEU720^1","+0.74","+1.00","+1.19","TMO","+114.53","GUP"
"SEV084^5","+0.43","+0.45","+1.41","+0.44","+2.44","GUP"
"DAT056^1","+0.49","+0.36","+1.04","+0.41","+2.59","+0.40"
"SYO560^1","+6.23","+1.15","+0.82","+0.40","+4.27","TMO"
"SEV037^5","+0.50","+0.70","+2.01","TMO","+9.06","TMO"
"SYO376^5","+0.48","+0.46","+0.83","+0.56","+2.77","+0.56"
"ITP200^1","+0.71","+0.46","+3.96","+0.60","TMO","GUP"
"SEV243^5","+6.46","+0.64","+11.03","+0.43","TMO","TMO"
"CSR146^2","+1.28","+0.62","+4.06","+0.53","+7.67","TMO"
"NUM762^1","+0.41","+0.51","+0.55","+0.54","+3.73","GUP"
"SEU574^1","+1.39","+1.89","+9.07","+2.12","TMO","GUP"
"NUM016^5","+0.39","+0.51","+0.54","+0.41","+2.33","+0.43"
"SWV436^4","+0.54","+0.59","+2.50","+0.42","+17.71","+0.49"
"SEV058^5","+0.55","+0.44","+4.29","+0.54","+2.62","+6.67"
"ITP189^1","+0.67","+0.60","+3.56","+0.78","+7.16","GUP"
"CSR131^1","+0.67","+0.59","+1.06","+0.43","+5.88","TMO"
"ITP175^1","+0.53","+0.60","+0.87","+0.83","TMO","GUP"
"CSR134^1","+0.44","+0.50","+0.84","+0.56","+5.33","TMO"
"ITP139^1","+0.62","+0.61","+1.76","+0.82","TMO","GUP"
"SEV382^5","+0.41","+0.36","+2.31","+0.58","+3.20","+0.70"
"CSR137^2","+0.46","+0.52","+1.09","+0.34","TMO","+0.48"
"SYO114^5","+0.48","+0.54","+0.82","+0.47","+2.83","+0.38"
"MSC025^2","+0.43","+0.57","+0.77","+17.72","+3.90","GUP"
"NUM754^1","+0.45","+0.46","+0.94","+0.44","+2.23","+0.48"
"SEU709^1","+1.69","+0.99","+1.82","+0.90","TMO","GUP"
"CSR144^1","+0.40","+0.56","+0.96","+0.41","+3.61","TMO"
"SET646^3","+0.78","+0.47","+0.76","+0.41","+2.03","GUP"
"PUZ094^5","+0.37","+0.46","+0.93","+0.43","+3.32","+0.89"
"LCL873^1","+0.65","+0.54","+1.13","+0.63","+2.73","+0.52"
"SEV055^5","+0.45","+0.43","+0.73","+0.41","+3.12","+27.20"
"ALG280^5","+0.41","+0.44","+0.97","+0.42","+2.27","+0.38"
"SEV162^5","+0.42","+0.56","+0.81","+0.41","+2.91","+0.64"
"SEU766^1","+0.80","+0.99","+1.70","+1.15","TMO","GUP"
"MSC020^5","+0.42","+0.67","+0.96","+0.43","TMO","TMO"
"SYO543^1","+0.50","+0.44","+0.79","+0.40","+1.35","GUP"
"SYO374^5","+0.47","+0.44","+0.92","+0.49","+2.54","+0.45"
"SEV273^5","+0.54","+0.55","+0.86","+0.34","+2.40","+0.54"
"SEV066^5","+0.46","+0.48","+7.91","+0.57","TMO","GUP"
"ITP010^2","+0.41","+0.45","+0.74","+0.42","+2.48","GUP"
"SEV153^5","+1.43","+1.71","+8.40","TMO","TMO","GUP"
"SYO241^5","+0.43","+0.54","+0.96","+0.34","+6.70","GUP"
"SEV152^5","+2.15","+1.89","+7.40","TMO","TMO","TMO"
"SEU596^1","+24.35","+0.74","+0.93","+18.02","+6.62","GUP"
"SYO514^1","+0.41","+0.47","+0.76","+0.49","TMO","+0.47"
"SYO038^1.003.003","+0.96","+0.55","+0.86","+0.61","+3.12","+0.49"
"SYO174^5","+0.45","+0.50","+10.26","TMO","TMO","TMO"
"QUA006^1","+0.69","+0.49","+1.07","+0.68","+5.34","+64.56"
"SEV064^5","+0.41","+0.44","+7.58","+0.87","TMO","GUP"
"SYO545^1","+1.01","+0.59","+4.07","+0.42","+38.32","TMO"
"SYO173^5","+0.58","+0.73","+1.09","+0.49","+2.29","+0.45"
"SEU692^1","+1.06","+0.92","+10.09","+20.03","TMO","GUP"
"SYO548^1","+0.62","+1.12","+1.38","GUP","+2.59","TMO"
"ALG279^5","+0.53","+0.46","+1.10","+0.43","+2.25","+0.38"
"SEV100^5","+0.50","+0.54","+9.55","+0.72","TMO","GUP"
"ITP173^1","+0.68","+0.88","+1.24","+0.63","TMO","GUP"
"SEV155^5","+0.76","+0.91","+7.03","TMO","TMO","TMO"
"SYO448^1","+0.49","+0.46","+1.06","+0.48","+3.18","+0.48"
"SYO287^5","+0.35","+0.66","+0.88","GUP","+2.27","TMO"
"ITP140^1","+0.65","+0.56","+1.42","+0.53","+4.38","GUP"
"SEU948^5","+1.51","+2.18","+162.89","+0.55","+69.39","TMO"
"ITP163^1","+0.53","+0.61","+1.39","+0.49","+24.42","GUP"
"LCL728^5","+1.65","+2.81","+56.26","TMO","TMO","TMO"
"ITP034^1","+0.58","+0.66","+1.02","+0.50","+5.44","GUP"
"GRA072^2","TMO","TMO","TMO","+1.99","TMO","TMO"
"ITP174^1","+0.68","+0.90","+1.20","+0.59","TMO","GUP"
"GRA046^2","TMO","TMO","TMO","+75.36","TMO","TMO"
"AGT033^1","+0.76","+0.61","+1.00","+0.58","+2.99","+0.74"
"GRA048^2","TMO","TMO","TMO","+74.86","TMO","TMO"
"SEU765^1","+5.08","+1.45","+2.70","+19.78","TMO","GUP"
"GRA039^1","TMO","TMO","TMO","+56.31","TMO","TMO"
"ITP134^1","+0.99","+0.79","+75.03","TMO","TMO","GUP"
"GRA048^1","TMO","TMO","TMO","+74.86","TMO","TMO"
"CSR134^2","+0.54","+0.50","+1.10","+0.37","+10.37","+92.39"
"GRA039^2","TMO","TMO","TMO","+0.81","TMO","TMO"
"SEU457^1","+0.48","+0.46","+0.89","+0.49","+2.53","GUP"
"GRA050^1","TMO","TMO","TMO","+74.92","TMO","TMO"
"ITP123^1","+0.71","+0.55","+1.73","+0.48","+15.19","TMO"
"GRA055^2","TMO","TMO","TMO","+74.85","TMO","TMO"
"SYN393^4.002","+0.50","+0.95","+1.38","+146.68","TMO","TMO"
"GRA067^2","TMO","TMO","TMO","+1.87","TMO","TMO"
"SEU577^1","+0.44","+0.55","+1.26","180.00","+2.31","GUP"
"GRA063^2","TMO","TMO","TMO","+1.10","TMO","TMO"
"ITP033^1","+0.60","+0.60","+2.47","+0.54","+17.36","GUP"
"GRA065^2","TMO","TMO","TMO","+1.11","TMO","TMO"
"NUM636^2","+0.47","+0.35","+0.88","+0.52","+7.23","TMO"
"GRA034^1","TMO","TMO","TMO","+56.81","TMO","TMO"
"ITP094^1","+0.55","+0.80","+1.21","+0.64","+39.31","GUP"
"GRA052^2","TMO","TMO","TMO","+75.03","TMO","TMO"
"ITP160^1","+0.72","+0.79","+1.54","+0.67","TMO","GUP"
"GRA055^1","TMO","TMO","TMO","+74.76","TMO","TMO"
"SEV300^5","+0.55","+0.46","+9.19","+0.54","+3.93","GUP"
"GRA044^1","TMO","TMO","TMO","+56.19","TMO","TMO"
"ITP142^1","+0.70","+0.70","+4.67","+0.79","+5.88","GUP"
"GRA034^2","TMO","TMO","TMO","+0.67","TMO","TMO"
"ITP169^1","+0.43","+0.62","+15.34","+0.68","+9.26","GUP"
"SYO334^5","+0.46","+0.35","+1.11","+0.49","+5.36","+0.46"
"SEU611^2","+0.47","+0.44","+0.74","+0.53","+2.35","TMO"
"SEU939^5","+17.94","+33.30","+21.48","+88.35","TMO","TMO"
"ITP018^1","+0.49","+0.46","+0.71","+0.50","+4.90","+8.64"
"SYO288^5","+0.41","+0.52","+0.76","GUP","+2.34","TMO"
"SYO025^1","+0.42","+0.44","+0.76","+0.49","+2.30","GUP"
"SYO269^5","+10.25","TMO","+10.66","+14.64","TMO","TMO"
"SEU523^1","+0.71","+0.45","+1.15","+0.45","+4.05","GUP"
"GRA027^1","TMO","TMO","TMO","GUP","TMO","TMO"
"SET672^3","+0.39","+0.45","+1.00","+0.41","+2.57","GUP"
"SYO309^5","+0.51","+0.56","+1.88","+0.43","+4.85","GUP"
"SEU875^5","+0.48","+0.44","+5.11","+0.51","+8.43","TMO"
"SYO209^5","+0.51","+0.51","+27.31","GUP","+7.81","GUP"
"QUA012^1","+1.04","+0.59","+1.45","+0.45","+5.75","+76.19"
"GRA028^1","+1.14","+0.66","+23.47","+1.97","TMO","TMO"
"SEU630^2","+0.45","+0.43","+0.85","+0.43","+26.44","TMO"
"SEV050^5","+12.46","TMO","+94.19","GUP","TMO","TMO"
"NUM926^1","+0.46","+0.49","+2.01","+0.51","+14.60","GUP"
"SEV071^5","TMO","TMO","TMO","GUP","TMO","TMO"
"SWX177^1*","+0.49","+0.39","+10.33","+0.90","+153.77","GUP"
"SEU940^5","+0.45","+0.59","+0.72","+0.47","+3.96","TMO"
"SWX159^1*","+0.85","+0.93","+2.76","+0.80","TMO","GUP"
"SEV113^5","TMO","TMO","TMO","TMO","TMO","TMO"
"SWX173^1*","+0.48","+0.43","+7.32","+1.08","+34.12","GUP"
"SEV072^5","+1.28","+0.37","+145.69","GUP","TMO","TMO"
"SWX174^1*","+0.42","+0.54","+6.19","+2.04","TMO","GUP"
"SEV317^5","+5.05","+8.92","+14.65","+26.77","TMO","TMO"
"SEU494^1","+0.43","+0.51","+0.75","+0.55","+2.34","GUP"
"SYO338^5","+55.61","+5.30","+115.43","+28.41","TMO","TMO"
"SEU733^1","+1.08","+1.13","+5.04","+0.60","TMO","GUP"
"SYO329^5","+1.75","+7.92","TMO","GUP","TMO","TMO"
"SEV108^5","+23.22","+5.61","TMO","TMO","TMO","+70.89"
"SEV414^5","TMO","TMO","TMO","GUP","TMO","TMO"
"SEU649^2","+0.58","+0.49","+0.94","+0.48","+2.36","+3.53"
"SYO332^5","+2.12","+2.74","+44.27","TMO","TMO","TMO"
"SEU497^1","+0.38","+0.45","+0.70","+0.44","+3.49","GUP"
"SYO330^5","+9.51","+2.71","+9.61","+0.58","TMO","TMO"
"SEU673^1","+1.33","+22.41","+8.82","+0.72","TMO","GUP"
"SEV321^5","TMO","+67.33","TMO","+5.91","TMO","TMO"
"SET615^3","+0.49","+0.42","+0.86","+0.42","+1.45","GUP"
"GRA074^2","TMO","TMO","TMO","+1.49","TMO","TMO"
"ITP080^1","+12.31","+9.21","+6.35","+0.79","+14.16","GUP"
"GRA032^2","TMO","TMO","TMO","+0.63","TMO","TMO"
"SEU705^2","+0.57","+1.85","+1.12","+0.43","+2.51","GUP"
"GRA029^2","TMO","TMO","TMO","GUP","TMO","TMO"
"NUM926^2","+1.97","+1.27","+4.77","+0.97","TMO","GUP"
"SYO533^1","+0.94","+168.73","+42.01","GUP","TMO","TMO"
"SEU524^1","+2.22","+0.85","+0.98","+0.46","+4.20","GUP"
"SYO326^5","TMO","TMO","TMO","TMO","TMO","TMO"
"AGT034^2","+0.54","+0.70","+1.54","+0.51","+2.95","+0.55"
"SEV305^6","TMO","TMO","TMO","TMO","TMO","TMO"
"AGT037^1","+0.48","+0.62","+0.96","+0.60","+3.64","+0.61"
"SYO509^1","+0.95","TMO","+41.89","GUP","TMO","TMO"
"SET671^3","+0.50","+0.57","+0.76","+0.34","+3.63","GUP"
"SEV068^5","TMO","TMO","TMO","TMO","TMO","TMO"
"SEV208^5","+5.43","+6.37","+11.20","+0.57","TMO","TMO"
"GRA043^2","TMO","TMO","TMO","+75.12","TMO","TMO"
"SEU803^1","+7.55","+1.29","+1.14","+1.42","TMO","GUP"
"SEV305^5","TMO","TMO","TMO","TMO","TMO","TMO"
"SET752^4","+0.40","+0.47","+0.77","+0.33","+4.87","GUP"
"SEV069^6","TMO","TMO","TMO","TMO","TMO","TMO"
"ALG262^2","+0.63","+1.66","+0.82","+0.47","+2.59","+10.67"
"SYO275^5","+3.94","TMO","TMO","TMO","TMO","TMO"
"SEU713^1","+0.94","+1.61","+1.06","+0.89","TMO","GUP"
"NUM817^5","+0.42","+0.43","+1.03","+0.55","+3.38","TMO"
"SEV267^5","+3.45","+3.83","+7.57","+0.50","TMO","TMO"
"SWW474^2","+8.04","+1.10","+5.67","+0.90","+9.08","GUP"
"ITP054^1","+3.15","+1.10","+4.65","+9.41","+37.39","GUP"
"SEV129^5","+0.52","+0.45","+91.29","+0.42","TMO","+1.62"
"ITP152^1","+0.67","+0.44","+1.94","+0.54","TMO","GUP"
"SET741^4","+0.43","+0.58","+1.11","+0.42","+2.62","+0.38"
"SET640^3","+0.45","+0.48","+0.84","+0.49","+2.68","GUP"
"ITP077^1","+0.49","+0.77","+1.68","+0.75","+44.54","GUP"
"GEG020^1","+0.67","+1.11","+15.38","+0.95","+3.33","GUP"
"SEU640^1","+30.83","+2.39","+2.98","TMO","TMO","GUP"
"SEU997^5","+0.80","+0.77","+1.33","+0.43","+2.76","+0.97"
"SEU819^1","+3.92","+1.73","+9.27","+19.37","TMO","GUP"
"SEV429^1","+0.38","+0.44","+0.89","+0.43","+2.50","TMO"
"SEU611^1","+0.87","+1.57","+7.80","+180.00","TMO","GUP"
"SEU813^1","+1.61","+3.38","+1.64","+0.80","TMO","GUP"
"ITP058^1","+0.68","+0.66","+2.35","+0.63","TMO","GUP"
"ITP236^3","+7.06","+6.57","+12.37","+9.64","GUP","GUP"
"SEU753^2","+0.47","+0.80","+2.59","+0.43","TMO","TMO"
"SEU868^5","+1.19","+0.69","+7.17","+0.58","UNK","GUP"
"ITP170^1","+0.54","+0.78","+1.20","+0.56","TMO","GUP"
"SWW470^1","+0.97","+1.50","+0.95","+0.52","+28.45","GUP"
"SET609^3","+0.48","+0.46","+0.82","+0.40","+3.49","GUP"
"SEU807^2","+1.38","+0.60","+0.81","+0.33","+2.34","GUP"
"SWW474^3","+5.76","+0.82","+6.10","+1.54","+30.87","GUP"
"AGT039^1","+0.60","+0.42","+1.39","+0.45","+2.51","+0.56"
"ITP124^1","+0.48","+0.93","+1.47","+0.66","TMO","+18.02"
"CSR148^2","+0.53","+0.50","+1.03","+0.43","+3.02","+0.60"
"QUA005^1","+0.96","+0.63","+0.81","+0.62","+10.22","+91.44"
"NUM651^1","+0.57","+0.44","+1.28","+0.42","+5.25","GUP"
"SWX158^1*","+0.79","+0.51","+1.78","+0.73","TMO","GUP"
"SWX181^1*","+2.06","+0.85","+7.80","TMO","TMO","GUP"
"SWX180^1*","+0.42","+0.54","+9.64","+0.53","TMO","GUP"
"SWX176^1*","+0.45","+0.57","+10.88","+1.75","+96.16","GUP"
"SWX154^1*","+1.43","+1.14","+2.42","TMO","+15.87","GUP"
"NUM926^3","+2.03","+1.51","+20.56","+1.48","TMO","GUP"
"ITP269^3","+5.19","+4.94","+12.94","+31.61","TMO","GUP"
"ITP061^1","+4.19","+0.73","+4.69","+0.68","TMO","GUP"
"SEU676^1","+0.90","+0.78","+0.95","+1.03","TMO","GUP"
"ITP086^1","+0.67","+0.82","+16.17","+45.88","TMO","GUP"
"SEV010^5","+0.73","+1.37","+7.19","+13.98","TMO","+0.68"
"CSR128^2","+0.62","+0.61","+0.83","+0.45","+4.84","TMO"
"SEV199^5","+0.69","+0.85","+1.11","+0.43","+102.28","TMO"
"SEU689^2","+0.52","+0.48","+1.61","+0.54","TMO","TMO"
"ITP010^5","+31.49","+22.85","+6.51","+5.91","TMO","GUP"
"NUN025^3","+0.35","+0.42","+0.74","+0.52","+4.07","GUP"
"SEU749^1","+2.08","+3.43","+105.92","+18.29","TMO","GUP"
"ITP110^1","+0.67","+0.75","+0.84","TMO","TMO","GUP"
"SWV446^1","+1.23","+2.94","+35.25","+0.70","+65.11","+9.54"
"SYO544^1","+3.21","+0.69","+6.96","+0.61","TMO","TMO"
"SEU742^1","+0.79","+1.16","+2.42","+18.46","TMO","GUP"
"ITP100^1","+0.51","+0.99","+0.62","+0.58","TMO","GUP"
"SEU645^2","+0.68","+0.40","+7.91","+0.41","+2.64","TMO"
"SEU639^2","+0.66","+0.96","+4.45","+6.26","+2.44","TMO"
"SEU691^2","+0.73","+0.87","+3.08","+0.46","TMO","TMO"
"ITP150^1","+2.29","+2.20","+8.27","+0.78","+18.15","+8.78"
"ITP001^4","+0.46","+0.64","+0.76","+0.47","+3.85","GUP"
"SEU675^1","+1.74","+1.46","+18.14","+18.49","TMO","GUP"
"ITP269^1","+11.96","+12.79","+11.45","+27.61","TMO","GUP"
"SEU657^1","+6.86","+1.49","+2.53","+0.99","TMO","GUP"
"SEU776^1","+3.75","+2.34","+39.67","+2.16","TMO","GUP"
"ITP156^1","+0.76","+0.64","+2.13","+0.39","TMO","GUP"
"ITP084^1","+1.84","+0.80","+7.35","+0.50","TMO","GUP"
"ITP085^1","+1.33","+0.64","+10.44","+0.64","TMO","GUP"
"LCL872^1","+0.64","+0.45","+1.81","+179.99","TMO","+0.64"
"SYO208^5","+0.53","+0.68","+0.78","+0.48","+3.05","GUP"
"LCL945^9","+3.15","+85.37","+7.85","+39.55","TMO","TMO"
"GEG014^1","+0.70","+0.90","+11.73","+61.17","+19.00","GUP"
"SWX165^1*","+1.05","+1.11","+3.31","+0.50","TMO","GUP"
"SWX178^1*","+0.62","+0.52","+89.84","+0.62","+121.81","GUP"
"SWX179^1*","+0.75","+0.62","TMO","+3.99","+159.84","GUP"
"SWX175^1*","+0.52","+0.47","+47.90","+3.77","TMO","GUP"
"SWX157^1*","+3.46","+1.08","+86.22","+0.76","TMO","GUP"
"SWX155^1*","+0.97","+1.60","+1.54","+0.75","+6.11","GUP"
"SWX160^1*","+1.92","+0.74","+82.35","+0.54","TMO","GUP"
"SWX184^1*","+42.17","+14.86","+9.59","+0.69","TMO","GUP"
"SWX183^1*","+38.19","+1.26","+9.39","+0.38","TMO","GUP"
"SWX167^1*","+4.48","+1.15","+18.18","+1.08","TMO","GUP"
"SWX172^1*","+5.01","+4.06","+87.85","+0.66","TMO","GUP"
"ITP147^1","+0.77","+0.63","+11.77","+19.92","TMO","GUP"
"ITP076^1","+0.56","+0.49","+1.45","TMO","+52.13","GUP"
"ITP210^3","+16.53","+12.39","+4.18","+7.92","+4.22","GUP"
"ITP004^2","+1.95","+0.88","+5.54","+0.45","+17.41","TMO"
"ITP246^1","+9.89","+6.75","+12.02","+25.69","TMO","GUP"
"ITP141^1","+1.13","+1.87","+9.47","+19.14","TMO","GUP"
"ALG247^2","+0.63","+1.01","+0.89","TMO","+3.73","TMO"
"ITP015^2","+6.00","+7.83","+20.20","+6.15","TMO","+56.76"
"SEU968^5","+3.06","+3.57","+164.38","+0.55","+119.07","TMO"
"SEU665^1","+1.62","+1.34","+19.94","+1.10","TMO","GUP"
"ITP280^3","+20.90","+12.78","+10.78","+36.61","TMO","GUP"
"MSC007^1.003.004","+0.66","+0.68","+19.54","+0.52","+6.21","TMO"
"LCL460^7","+6.37","+2.37","+37.89","+6.63","TMO","TMO"
"SEU764^1","+3.37","+54.61","+16.69","TMO","TMO","GUP"
"ITP225^1","+10.44","+6.25","+5.73","+9.55","TMO","GUP"
"ALG251^3","+0.91","+0.95","+4.96","+0.47","+19.50","TMO"
"SEU655^2","+0.56","+2.18","+1.92","+0.48","TMO","TMO"
"NUM639^4","+0.60","+1.02","+1.77","+0.61","TMO","GUP"
"ITP246^3","+19.22","+12.26","+23.38","+26.22","TMO","GUP"
"SEU630^1","+1.41","+1.25","+9.32","+32.51","TMO","GUP"
"SEU490^1","+0.64","+1.42","+7.78","+28.45","TMO","GUP"
"ITP243^3","+18.88","+5.04","+7.82","+55.33","TMO","GUP"
"SEU743^1","+52.42","+8.01","+17.01","+19.39","TMO","GUP"
"SEU938^5","+0.47","+2.76","+1.50","+0.34","+21.22","GUP"
"SEV041^5","+1.23","+2.95","+3.98","TMO","+86.49","+13.51"
"ALG251^2","+0.69","+0.95","+4.64","+0.58","+4.09","+2.83"
"COM024^5","+6.97","+0.57","+0.80","+0.50","+4.13","TMO"
"SWX170^1*","+4.05","+4.20","+88.95","+0.84","TMO","GUP"
"SWX168^1*","+5.90","+4.38","+88.41","+0.59","TMO","GUP"
"SWX166^1*","+3.53","+2.46","+88.14","+0.81","TMO","GUP"
"SWX162^1*","+1.04","+0.96","+88.41","+0.60","TMO","GUP"
"SWX171^1*","+11.03","+8.68","+88.87","+0.91","TMO","GUP"
"SWX161^1*","+7.62","+1.24","+7.56","+0.91","TMO","GUP"
"SWX169^1*","+3.96","+10.68","+87.81","+0.67","TMO","GUP"
"SWX156^1*","+8.41","+1.20","+17.09","+0.85","TMO","GUP"
"ITP185^1","+0.85","+0.67","+10.26","TMO","TMO","GUP"
"SEU481^1","+0.89","+1.42","+6.95","+0.46","TMO","GUP"
"SYO246^5","+0.54","+0.44","+4.65","+0.67","TMO","+0.54"
"NUM654^4","+97.29","+4.54","+2.75","+0.53","TMO","GUP"
"ITP019^5","+56.55","+26.33","+11.73","+8.85","TMO","GUP"
"ITP011^1","+9.39","+1.20","+13.71","+0.99","TMO","TMO"
"ITP278^1","+14.41","+12.39","+18.78","TMO","TMO","GUP"
"ITP262^1","+11.68","+14.51","+91.34","+37.58","TMO","GUP"
"ALG292^5","+52.72","+65.34","+83.66","TMO","TMO","TMO"
"SEU953^5","+50.16","+0.58","+1.01","+0.43","+3.50","TMO"
"NUM656^4","+4.16","+1.26","+3.33","+0.64","TMO","GUP"
"ITP256^1","+7.72","+11.15","+20.26","+39.98","TMO","GUP"
"ITP208^3","+24.29","+8.46","+33.66","+24.65","GUP","GUP"
"NUM782^4","+1.67","+3.94","+1.13","+0.51","TMO","GUP"
"NUM726^4","+3.31","+2.98","+1.80","+0.94","TMO","GUP"
"SEU716^1","+1.20","+0.75","+5.16","+1.96","TMO","GUP"
"SWX163^1*","+8.50","+14.78","+88.44","+0.90","TMO","GUP"
"SWX164^1*","+6.79","+5.22","+88.03","+0.65","TMO","GUP"
"SWX182^1*","+1.32","+1.16","TMO","TMO","TMO","GUP"
"ITP009^1","+51.59","+21.03","+18.25","+0.49","TMO","TMO"
"ITP012^4","+36.18","+46.01","+4.85","+22.29","+17.99","GUP"
"ITP158^1","+4.15","+2.76","+43.13","+2.07","TMO","GUP"
"SYO069^4.003","+7.42","+20.45","+17.30","TMO","TMO","TMO"
"SYO069^4.002","+7.87","+7.68","+6.07","TMO","TMO","TMO"
"SEU701^2","+3.20","+23.21","+7.48","TMO","TMO","GUP"
"LCL877^1","+2.03","+0.61","+46.17","TMO","TMO","+1.65"
"SEV170^5","+4.29","+2.17","+31.09","GUP","TMO","TMO"
"NUM684^4","+1.10","+2.45","+11.50","+0.61","TMO","GUP"
"SEU906^5","+0.58","+0.54","+26.86","GUP","+6.70","TMO"
"NUM746^4","+16.19","TMO","+17.41","+1.87","TMO","GUP"
"NUM702^4","TMO","+3.28","+17.71","+1.34","TMO","GUP"
"SYO067^4.002","+116.36","+10.80","+6.52","+6.11","TMO","+12.66"
"NUM699^4","+6.15","+1.02","+17.14","+0.59","TMO","GUP"
"PHI005^4","+39.11","+6.18","+10.34","+3.75","TMO","TMO"
"NUM750^4","+71.31","+113.77","+18.59","+0.83","TMO","GUP"
"NUM672^4","+15.97","+0.97","+12.16","+1.05","TMO","GUP"
"SEU486^1","+11.12","+25.21","+82.54","TMO","TMO","GUP"
"ALG265^2","+1.52","+6.23","+17.63","TMO","TMO","TMO"
"SEV529^1","+1.27","+1.43","+0.95","TMO","TMO","TMO"
"NUM671^4","+0.48","+0.58","+0.71","+0.47","TMO","GUP"
"SYO873^1","+4.33","+3.19","+105.01","+61.55","TMO","TMO"
"SEU773^1","TMO","+16.73","+40.47","+1.10","TMO","GUP"
"ITP238^3","+17.70","+10.61","+99.84","+46.24","GUP","GUP"
"SEV023^5","+147.41","+4.34","+7.82","+6.05","TMO","TMO"
"SYO066^4.003","+52.35","+5.96","+156.27","TMO","TMO","TMO"
"SEU634^1","+77.85","+61.55","+9.06","TMO","TMO","GUP"
"ITP013^2","+3.32","+6.84","+33.95","+52.96","TMO","TMO"
"NUM681^4","+1.02","+0.67","+11.35","+0.98","TMO","GUP"
"ITP292^1","+12.56","+14.34","TMO","+126.26","GUP","GUP"
"NUM743^4","+25.75","TMO","+18.47","+1.88","TMO","GUP"
"SEU711^1","TMO","+21.40","+9.68","+73.74","TMO","GUP"
"NUM677^4","+0.73","+0.60","+10.83","+0.74","TMO","GUP"
"SYO881^1","+3.00","+2.71","TMO","+60.83","TMO","TMO"
"SYO069^4.004","+11.70","+17.40","+32.21","TMO","TMO","TMO"
"NUM673^4","+0.79","+0.65","+17.45","+0.91","TMO","GUP"
"ITP021^2","+21.05","+8.49","TMO","+36.62","TMO","GUP"
"PUZ127^5","+9.35","+3.79","TMO","TMO","TMO","TMO"
"ITP223^1","+12.63","+15.73","+161.40","TMO","TMO","GUP"
"SEV106^5","+11.91","+57.45","+6.90","TMO","+11.92","TMO"
"NUM665^4","+9.97","+1.45","+17.89","TMO","TMO","GUP"
"SEU488^1","+1.14","+1.89","+17.65","TMO","TMO","GUP"
"SEV027^5","+37.33","+12.36","TMO","TMO","TMO","TMO"
"SET013^7","TMO","TMO","UNK","+1.48","TMO","TMO"
"SEV032^5","+59.68","+116.00","+12.68","TMO","TMO","TMO"
"ITP011^2","+7.25","+4.71","+114.49","+37.65","TMO","GUP"
"SEV198^5","TMO","TMO","+17.63","+2.71","TMO","TMO"
"ITP012^5","+105.25","+133.24","+18.71","+16.22","TMO","GUP"
"NUM826^5","+8.59","TMO","TMO","TMO","TMO","TMO"
"SEV102^5","TMO","TMO","TMO","TMO","TMO","TMO"
"ALG269^2","+0.75","TMO","+157.59","TMO","TMO","TMO"
"ALG269^3","+10.58","+3.07","+9.39","TMO","TMO","TMO"
"SEU689^1","TMO","+43.38","TMO","TMO","TMO","GUP"
"LCL941^5","+9.70","+10.59","+118.79","TMO","TMO","TMO"
"ITP015^5","TMO","TMO","+34.22","+15.13","TMO","GUP"
"ITP021^5","+93.32","+160.19","TMO","TMO","TMO","GUP"
"ITP242^3","TMO","TMO","TMO","+83.15","TMO","GUP"
"SEU600^1","TMO","+46.16","TMO","TMO","TMO","GUP"
"SEU656^1","TMO","TMO","TMO","+25.22","TMO","GUP"
"NUM700^4","TMO","TMO","TMO","+2.21","TMO","GUP"
"SEU912^5","+22.21","TMO","TMO","TMO","TMO","TMO"
"LCL692^1","TMO","+145.04","UNK","TMO","TMO","TMO"
"ITP271^3","+39.48","+23.71","+171.98","+167.85","TMO","GUP"
"ANA129^1","TMO","TMO","TMO","TMO","+40.40","GUP"
"NUM793^4","TMO","TMO","+77.60","TMO","TMO","GUP"
"SEV207^5","TMO","TMO","+29.76","+5.19","TMO","TMO"
