"problem","Vampire 5.0.1","Vampire 5.0","E 3.5.1","CSI_PP 1.0","iProver 3.9.4","Drodi 4.1.1","LisaST 0.9","Zipperpin 2.1.9999","Prover9 2026‑6A","Prover9 1109a","FindProof 0.1","mrs 0.2.0","SUPr 1.0","ConnectPP 0.7.2","VIP 1.718","SATResetCoP 1.0","SPASS‑SCL 0.1.1"
"MGT090+1*","+1.45","+0.45","+0.40","+1.01","+1.13","UNK","+2.92","+0.85","+0.38","+0.41","+5.00","+0.45","+0.39","+2.56","UNK","+22.23","GUP"
"COM008+1","+3.81","+2.48","+0.52","+0.54","+1.17","+110.80","+23.66","+68.45","+9.51","+28.13","GUP","UNK","GUP","TMO","+114.80","UNK","TMO"
"MGT082+1*","+1.42","+0.50","+0.40","+0.54","+1.25","UNK","+2.15","+1.26","+0.37","+0.41","+4.00","+0.57","+0.39","+116.17","UNK","+15.54","GUP"
"KRS216+1","+1.50","+0.45","+0.42","+115.46","+1.24","+0.53","+7.13","+0.90","+8.11","+82.18","TMO","+57.40","UNK","+78.16","TMO","UNK","TMO"
"MGT080+1*","+1.50","+0.57","+0.40","+0.48","+1.07","UNK","+2.32","+0.92","+0.47","+0.47","+4.59","+1.72","+0.47","+152.84","UNK","UNK","GUP"
"CSR114+8","+1.74","+0.96","+0.63","+1.50","+55.15","+3.66","+11.01","UNK","+0.65","TMO","GUP","TMO","UNK","+39.60","TMO","UNK","TMO"
"MGT076+1*","+1.45","+0.47","+0.67","+82.51","+1.23","UNK","+1.78","+0.93","+0.47","+0.48","+3.35","+0.41","+0.41","+1.39","UNK","+3.15","GUP"
"CSR048+3","+2.22","+0.70","+0.81","+0.65","+1.28","+0.84","+7.52","+2.02","+0.42","TMO","+24.47","+0.85","+7.14","+20.83","TMO","UNK","+6.83"
"SWX200+1*","+1.43","+0.50","+0.42","+0.52","+1.23","+0.45","+1.62","+0.68","+0.38","+0.39","+3.54","+0.38","+0.38","+73.99","+0.41","+45.83","GUP"
"KRS190+1","+1.38","+0.46","+0.45","+0.52","+1.35","+0.42","+10.24","+0.86","+0.49","+0.84","+2.94","UNK","+0.52","+19.24","+0.48","UNK","+4.93"
"MGT088+1*","+1.73","+0.56","+0.34","+0.44","+1.47","UNK","+1.95","+0.68","+0.39","+0.49","+4.75","+0.48","+0.42","+7.21","UNK","+123.38","GUP"
"CSR058+3","+2.22","+1.37","+1.38","+1.30","+3.32","+0.54","+6.12","+2.69","TMO","TMO","+62.66","+1.02","+18.14","+16.72","+50.38","+62.37","+0.95"
"MGT078+1*","+1.00","+0.46","+0.44","+0.50","+1.07","UNK","+2.08","+0.89","+0.49","+0.43","+5.07","+0.41","+0.40","+21.46","UNK","+6.13","GUP"
"CSR113+13","+2.65","+0.64","+1.18","+0.88","+56.93","+2.93","+20.54","UNK","TMO","TMO","GUP","TMO","UNK","TMO","TMO","UNK","TMO"
"GEO111+1","+0.92","+0.47","+0.42","+0.56","+1.15","+0.60","+4.19","+0.89","+0.47","+0.89","TMO","+0.84","UNK","TMO","TMO","UNK","GUP"
"CSR116+10","+1.77","+0.80","+0.99","+1.24","+49.55","+113.44","+9.72","+9.21","+1.80","TMO","GUP","UNK","UNK","TMO","TMO","UNK","TMO"
"GEO085+1","+1.62","+0.51","+0.49","+0.58","+1.20","+0.44","+2.76","+0.85","+0.55","+0.48","+1.62","+0.46","+2.38","+0.58","+61.29","UNK","GUP"
"CSR042+3","+1.84","+0.69","+1.03","+0.75","+4.36","+0.80","+7.40","+2.13","+0.48","TMO","+32.57","+0.85","+6.94","+15.92","TMO","UNK","+2.41"
"GEO117+1","+2.11","+0.52","+0.51","+0.97","+1.32","+0.46","+3.37","+0.86","+0.48","+0.52","+1.58","+0.70","+0.46","+72.46","+49.29","+156.31","GUP"
"NUN080+1","+1.38","+0.52","+0.48","+0.64","+1.33","+0.42","+1.80","+1.33","+0.43","+0.47","+1.95","+0.47","+0.45","+0.51","TMO","+164.15","TMO"
"GRA005+1","+2.33","+0.51","+0.48","+0.61","+1.45","+0.47","+1.99","+0.93","+0.41","+0.47","+1.60","+0.36","+0.99","+73.16","TMO","UNK","GUP"
"CSR044+3","+1.04","+0.64","+0.59","+0.82","+1.32","+2.83","+8.09","+3.53","+0.47","TMO","+40.65","UNK","+13.87","TMO","TMO","UNK","TMO"
"NLP147+1","+1.29","+0.58","+0.46","+0.55","+1.08","+0.40","+3.59","+0.83","+0.42","UNK","+1.08","+0.54","+5.91","TMO","+34.06","UNK","GUP"
"KRS262+1","+1.33","+0.47","+0.41","+0.60","+1.36","+0.41","+4.26","+0.94","+0.46","+0.55","+1.55","+0.65","UNK","+18.40","+0.47","UNK","TMO"
"ALG040+1","+1.51","+0.45","+0.36","+0.54","+1.30","+0.38","+2.65","+0.80","+0.50","+0.41","+2.23","+0.86","UNK","TMO","TMO","UNK","GUP"
"CSR116+13","+1.63","+0.60","+0.96","+0.92","+51.88","+11.70","+8.64","+4.92","+1.47","TMO","GUP","TMO","TMO","TMO","TMO","UNK","TMO"
"LCL484+1","+0.86","+0.43","+0.49","+0.38","+1.33","+0.30","+3.09","+0.97","+0.34","+0.38","+2.96","+0.38","GUP","+1.63","+0.32","UNK","GUP"
"KRS192+1","+1.22","+0.52","+0.44","+115.51","+1.13","+0.40","TMO","+0.57","+98.36","+75.44","TMO","UNK","+3.27","+28.31","+0.52","UNK","TMO"
"NUM840+1","+1.23","+0.45","+0.49","+0.51","+1.39","+0.38","+6.31","+0.86","+0.42","+2.08","+26.23","+3.04","+2.28","+18.70","TMO","+8.09","GUP"
"KRS195+1","+1.10","+0.47","+0.34","+0.70","+1.26","+0.37","+11.06","+0.80","+0.49","+0.49","+6.74","UNK","+0.59","+1.60","+0.48","UNK","+7.57"
"SWV488+3","+1.47","+0.43","+0.40","+0.49","+1.26","+0.42","+3.40","+0.95","+0.37","+0.39","TMO","+0.46","+0.37","+22.37","TMO","UNK","GUP"
"CSR113+30","+2.73","+1.27","+0.84","+0.93","+59.98","+2.29","+20.60","UNK","TMO","TMO","GUP","TMO","UNK","TMO","TMO","UNK","TMO"
"SET101+1","+1.52","+0.48","+0.51","+0.50","+1.62","+0.49","+3.47","+4.20","+0.38","+0.50","+21.54","UNK","+0.71","+75.45","TMO","UNK","GUP"
"CSR052+3","+1.64","+0.62","+0.94","+0.91","+1.05","+2.79","+14.86","+27.33","TMO","TMO","+27.50","+1.57","+6.54","+132.85","TMO","UNK","TMO"
"SYN077+1","+1.82","+0.43","+0.41","+0.49","+1.05","+0.37","+1.74","+0.76","+0.36","+0.38","+2.57","+0.52","UNK","+46.50","TMO","+73.13","GUP"
"CSR045+3","+4.77","+0.63","+1.51","+4.71","+22.46","+2.07","+10.36","+3.50","GUP","TMO","TMO","+1.63","+6.77","TMO","TMO","UNK","TMO"
"NUM853+2","+1.24","+0.54","+0.60","+0.54","+1.35","+0.38","+7.71","+2.44","+0.53","+1.45","+20.66","+6.09","+0.80","+10.78","TMO","+9.34","GUP"
"CSR113+4","+2.73","+0.73","+0.84","+0.92","+52.78","+1.67","+12.62","UNK","TMO","TMO","TMO","TMO","UNK","TMO","TMO","UNK","TMO"
"SWX185+1*","+8.54","+1.30","TMO","UNK","+6.32","+64.55","+8.53","+132.92","+1.91","+2.45","+7.50","TMO","UNK","TMO","TMO","UNK","GUP"
"SWV014+1","+1.54","+0.42","+0.42","+0.57","+1.25","+0.42","+1.99","+0.75","+0.77","TMO","TMO","UNK","UNK","TMO","TMO","UNK","TMO"
"MGT077+1*","+1.45","+0.44","+0.42","+0.49","+1.23","UNK","+1.88","+0.86","+0.53","+0.52","+9.02","+0.62","+0.70","+72.47","UNK","+43.94","GUP"
"KRS187+1","+1.33","+0.43","+0.48","+0.50","+1.24","+0.43","+20.42","+0.85","+0.53","+0.63","+4.84","UNK","+0.39","+19.09","+0.47","UNK","+4.90"
"MGT079+1*","+1.08","+0.47","+0.43","+0.50","+1.23","UNK","+4.86","+0.80","+0.74","+9.62","+4.86","+15.07","+0.50","TMO","UNK","UNK","GUP"
"GEO260+1","+1.89","+0.54","+0.41","+0.69","+1.34","+0.83","+12.91","+2.47","+0.40","+0.39","TMO","+0.56","+4.86","+38.04","TMO","+123.27","+0.49"
"MGT086+1*","+1.30","+0.47","+0.34","+0.51","+1.22","UNK","+2.59","+0.71","+0.43","+0.43","+3.20","+1.03","+0.52","+149.44","UNK","UNK","GUP"
"KRS251+1","+0.89","+0.46","+21.22","+1.92","+1.83","+0.65","TMO","UNK","TMO","TMO","TMO","UNK","UNK","+90.40","TMO","UNK","TMO"
"SEV608+1*","+2.63","+0.94","+0.97","+0.63","+3.23","+118.50","+11.22","+2.26","TMO","TMO","TMO","TMO","TMO","TMO","TMO","UNK","GUP"
"KRS234+1","+1.44","+0.59","+0.41","+0.50","+0.94","+0.45","+4.43","+0.88","+0.59","+0.88","+7.37","UNK","+1.45","+18.49","+8.74","UNK","TMO"
"MGT085+1*","+1.35","+0.44","+0.45","+0.50","+1.14","UNK","+5.98","+1.43","+0.52","+0.40","+4.73","+16.73","+0.70","+90.40","UNK","+46.15","GUP"
"CSR054+3","+1.51","+0.56","+0.93","+0.69","+2.67","+0.74","+11.12","+2.11","+0.34","TMO","+47.55","+5.94","+12.33","+47.48","TMO","UNK","+0.67"
"SEV644+1*","+3.16","+1.07","+0.83","+0.78","+2.43","TMO","+9.61","+1.79","TMO","TMO","TMO","TMO","+7.26","TMO","TMO","UNK","GUP"
"CSR115+8","+1.44","+0.78","+1.38","+1.06","+2.46","+19.86","+9.26","+4.24","+0.71","TMO","TMO","UNK","UNK","TMO","TMO","UNK","TMO"
"PUZ133+1","+1.73","+0.61","+2.65","+1.80","+4.93","+0.77","+37.53","UNK","+0.59","+0.62","+66.18","UNK","UNK","TMO","TMO","UNK","GUP"
"SYO605+1","+1.17","+0.46","+2.25","+0.85","+3.20","TMO","+5.20","UNK","TMO","TMO","GUP","+0.88","UNK","+6.94","TMO","UNK","TMO"
"SWV406+1","+2.03","+0.56","+0.43","+0.59","+1.15","+0.39","+4.79","+44.36","+29.48","UNK","TMO","UNK","UNK","TMO","TMO","UNK","GUP"
"LCL688+1.001","+2.69","+0.84","+4.84","+0.76","+1.67","+0.62","+9.68","+10.25","TMO","TMO","TMO","UNK","UNK","TMO","TMO","UNK","TMO"
"SWV390+1","+1.49","+0.65","+0.51","+0.48","+1.38","+0.51","+2.08","+1.32","+0.47","+0.49","+18.06","+3.34","+5.43","TMO","TMO","UNK","GUP"
"CSR056+3","+1.67","+0.89","+0.61","+0.73","+18.98","+1.28","+9.11","+2.09","GUP","TMO","+40.71","+20.19","+8.34","TMO","TMO","UNK","TMO"
"CSR021+1","+2.39","+0.57","+0.42","+0.64","+1.39","+0.66","+3.04","+0.91","+0.53","+4.71","+2.34","+44.88","+0.41","TMO","TMO","UNK","GUP"
"CSR067+3","+1.64","+0.64","+0.55","+0.57","+1.23","+1.28","+4.61","+2.12","+0.43","TMO","+30.76","+0.79","+7.16","+45.48","TMO","UNK","+2.30"
"CSR022+1","+1.75","+0.54","+0.44","+3.17","+1.28","+0.40","+5.88","+1.22","+0.60","+6.21","+3.88","+20.25","+0.41","TMO","+173.90","UNK","GUP"
"KRS233+1","+1.36","+0.53","+10.04","+0.79","+1.52","+0.40","TMO","+1.96","+4.54","+4.54","TMO","UNK","+10.55","+23.44","+5.99","UNK","TMO"
"GEO498+1","+1.65","+0.43","+0.40","+0.49","+1.05","+0.43","+3.06","+0.54","+0.40","+0.45","+3.86","+0.37","UNK","TMO","+31.90","UNK","GUP"
"NUN054+1","+2.15","+1.18","+0.65","+0.52","+1.89","+3.54","+2.38","+15.96","+3.15","TMO","+9.55","TMO","UNK","TMO","TMO","UNK","TMO"
"SWV041+1","+1.67","+0.47","+0.42","+0.56","+1.27","+0.43","+3.06","+0.95","+1.31","+1.96","+8.64","+62.56","+76.72","TMO","TMO","UNK","GUP"
"KRS196+1","+1.84","+0.42","+0.50","+0.63","+1.25","+0.37","+10.26","+0.79","+0.41","+0.48","+6.94","UNK","+0.38","+0.98","+0.90","UNK","+3.77"
"CSR117+1","+1.28","+0.48","+0.46","+0.51","+3.27","+0.41","+6.10","+1.14","TMO","UNK","TMO","+3.78","GUP","TMO","TMO","UNK","GUP"
"KRS261+1","+1.48","+0.47","+0.42","+0.49","+1.29","+0.76","TMO","+11.86","+1.58","TMO","TMO","+92.10","UNK","+168.30","TMO","UNK","TMO"
"SEV678+1*","+2.72","+1.11","+1.02","+1.17","+2.23","+134.29","+9.45","+2.62","TMO","TMO","TMO","+1.03","+18.19","TMO","TMO","UNK","GUP"
"CSR116+19","+1.71","+0.75","+0.94","+1.31","+81.27","+21.17","+9.59","+11.68","+1.03","TMO","GUP","UNK","TMO","TMO","TMO","UNK","TMO"
"SEV606+1*","+1.93","+0.70","+0.60","+0.45","+2.04","+0.76","+9.32","+1.89","+87.75","TMO","TMO","TMO","TMO","TMO","TMO","UNK","GUP"
"CSR116+8","+1.77","+0.72","+0.93","+1.38","+63.77","+65.56","+9.27","+29.37","+1.26","TMO","GUP","TMO","TMO","TMO","TMO","UNK","TMO"
"SEV668+1*","+2.28","+0.62","+0.83","+0.92","+1.80","+0.91","+11.65","+1.74","+64.11","TMO","TMO","+1.03","UNK","TMO","TMO","UNK","GUP"
"LCL368+1","+4.05","+41.98","+3.97","+4.52","+34.53","+5.34","+10.50","+101.50","+0.96","TMO","+5.80","UNK","UNK","TMO","TMO","UNK","TMO"
"NUM292+1","+2.35","+0.61","+0.36","+0.50","+12.66","+2.57","+5.21","+2.32","+31.19","+25.81","+89.72","UNK","+0.57","+122.89","TMO","+155.64","GUP"
"NUN076+1","+1.97","+0.59","+0.52","+1.11","+1.72","+1.11","+2.80","+1.05","+1.27","+1.05","+1.84","+9.27","UNK","TMO","TMO","UNK","TMO"
"MGT005+1","+1.08","+0.50","+0.42","+0.48","+1.58","+0.56","+3.13","+1.19","+0.53","+0.92","+0.96","+5.72","UNK","TMO","TMO","UNK","GUP"
"LCL368+2","+3.39","+24.35","+34.51","+117.08","+147.24","+176.09","+39.28","UNK","+2.50","TMO","TMO","TMO","UNK","TMO","TMO","UNK","TMO"
"SWV452+1","+1.16","+0.49","+2.87","+3.87","+1.02","+0.77","TMO","+45.05","+3.23","TMO","TMO","UNK","UNK","TMO","TMO","UNK","GUP"
"CSR033+3","+2.11","+0.73","+0.78","+0.85","+1.70","+2.07","+8.59","+102.97","+0.43","TMO","+30.89","+12.85","+15.55","TMO","TMO","UNK","TMO"
"PUZ129+2","+1.30","+0.37","+0.41","+0.37","+1.23","+0.38","+10.30","+1.06","+0.35","+0.36","+1.07","+0.41","+0.38","+31.55","+8.95","+18.70","GUP"
"NUN062+1","+1.89","+0.42","+0.58","+0.54","+1.25","+0.42","+1.79","+1.06","+95.98","+46.92","+3.82","+0.44","UNK","+72.44","TMO","UNK","TMO"
"SWB017+1","+2.38","+0.43","+1.06","+0.80","+37.53","+0.71","+4.94","+0.80","+12.78","TMO","+4.05","+1.22","UNK","TMO","TMO","UNK","GUP"
"LCL648+1.010","TMO","TMO","TMO","TMO","TMO","TMO","TMO","UNK","TMO","TMO","TMO","TMO","UNK","TMO","TMO","UNK","TMO"
"SWW473+2","+1.22","+1.01","+0.65","+0.67","+6.61","+0.64","+6.02","+1.72","TMO","+109.79","+14.85","UNK","+1.84","+90.51","TMO","UNK","GUP"
"LCL373+2","+1.68","TMO","TMO","TMO","TMO","TMO","TMO","UNK","+5.58","+33.45","TMO","TMO","UNK","TMO","TMO","UNK","TMO"
"SWV454+1","+1.65","+0.47","+0.52","+0.73","+1.14","+0.78","+7.95","+1.91","+1.70","+0.98","+4.31","TMO","UNK","TMO","TMO","UNK","GUP"
"LCL369+2","+3.14","+134.95","TMO","TMO","TMO","TMO","TMO","UNK","+167.85","TMO","TMO","TMO","UNK","TMO","TMO","UNK","TMO"
"KLE170+1.002","+2.53","+0.55","+0.86","+0.94","+2.56","+2.32","TMO","UNK","+0.46","+0.60","+3.09","+33.71","UNK","TMO","TMO","UNK","GUP"
"NUN060+1","+1.38","+0.46","+0.43","+0.37","+1.55","+0.35","+2.79","+1.10","+0.37","+0.39","+2.09","+0.31","UNK","+114.21","TMO","UNK","TMO"
"SWX222+1*","+1.33","+0.41","+0.40","+0.48","+1.24","+0.36","+3.81","+0.74","+0.38","+0.40","+5.40","+0.52","+0.42","+117.65","+7.03","UNK","GUP"
"LCL982+1","+1.38","+0.61","+0.42","+0.55","+1.24","+0.44","+2.07","+1.03","+0.34","+0.39","+1.09","+0.34","UNK","+0.49","+45.93","UNK","TMO"
"GEO504+1","+1.54","+0.55","+0.71","+0.61","+1.19","+0.91","+5.77","+1.76","+2.31","+3.00","+3.94","UNK","UNK","TMO","TMO","UNK","GUP"
"NLP261+1","+22.94","+29.32","+21.48","+20.47","+22.54","TMO","GUP","TMO","+12.68","TMO","TMO","TMO","TMO","TMO","UNK","UNK","TMO"
"SWW102+1","+2.23","+0.41","+0.43","+0.50","+2.52","+0.85","+7.10","+0.99","+1.25","+2.31","+79.48","+7.31","UNK","TMO","TMO","UNK","GUP"
"SYO525+1.018","+41.34","+1.09","+0.65","+135.45","TMO","+18.59","TMO","+28.21","TMO","UNK","GUP","UNK","GUP","TMO","TMO","UNK","+44.32"
"GEO343+1","+1.45","+0.46","+0.51","+0.95","+1.28","+0.37","TMO","+0.93","TMO","TMO","TMO","TMO","UNK","TMO","TMO","UNK","GUP"
"LCL382+2","+1.84","+100.53","+59.26","+40.66","TMO","TMO","TMO","UNK","+4.63","+31.58","TMO","UNK","UNK","TMO","TMO","UNK","TMO"
"SWB073+1","+0.92","+0.49","+0.34","+0.49","+1.34","+1.23","+7.68","+1.20","UNK","UNK","TMO","UNK","+1.14","TMO","TMO","UNK","GUP"
"LCL370+1","+4.98","+69.19","+5.86","+3.79","+57.75","+15.34","+11.70","+87.76","+4.88","+4.70","+18.89","UNK","UNK","TMO","TMO","UNK","TMO"
"SET017+1","+1.66","+0.42","+0.41","+0.49","+1.42","+0.37","+18.72","+0.79","+0.80","+13.19","TMO","TMO","UNK","TMO","TMO","UNK","GUP"
"NUN085+1","+5.06","+3.97","+1.39","+1.71","+15.25","TMO","+6.98","UNK","TMO","TMO","TMO","UNK","UNK","TMO","TMO","UNK","TMO"
"SWV453+1","+1.52","+0.48","+4.43","+3.05","+1.72","+1.30","TMO","+24.04","+6.68","+51.24","TMO","UNK","UNK","TMO","TMO","UNK","GUP"
"NLP262+1","+24.56","+21.02","+20.28","+28.24","+27.18","TMO","GUP","TMO","TMO","TMO","TMO","TMO","+175.66","TMO","UNK","UNK","TMO"
"SWV479+1","+1.88","+0.51","+6.01","+1.15","+2.25","+1.96","TMO","+2.36","+8.10","+1.36","TMO","TMO","UNK","TMO","TMO","UNK","GUP"
"LCL369+1","+2.50","+41.30","+14.66","+8.58","+61.93","+4.36","TMO","UNK","+1.08","TMO","TMO","UNK","UNK","TMO","TMO","UNK","TMO"
"SWC012+1","+1.88","+0.50","+0.56","+0.49","+1.24","+0.36","+7.84","+0.61","UNK","UNK","+3.84","UNK","UNK","TMO","TMO","UNK","GUP"
"LCL688+1.015","+4.68","+86.02","TMO","TMO","TMO","TMO","TMO","UNK","TMO","TMO","TMO","UNK","UNK","TMO","TMO","UNK","TMO"
"SWV202+1","+1.74","+0.60","+0.54","+0.55","+1.26","+0.54","+5.12","+3.74","+26.68","+23.48","TMO","UNK","UNK","+130.02","TMO","UNK","GUP"
"LCL374+1","+6.06","TMO","+11.74","+12.01","TMO","TMO","TMO","UNK","+72.36","TMO","TMO","UNK","UNK","TMO","TMO","UNK","TMO"
"SWV203+1","+1.64","+0.59","+0.53","+0.57","+1.33","+0.38","+4.82","+2.40","+32.12","+54.44","TMO","UNK","UNK","+130.00","TMO","UNK","GUP"
"CSR116+38","+2.40","+0.67","+0.93","+0.94","+56.60","+60.21","+14.39","+12.00","+0.94","TMO","TMO","UNK","TMO","TMO","TMO","UNK","TMO"
"SWV473+1","+1.30","+0.46","+86.73","+4.86","+1.81","+11.89","TMO","+1.92","+11.29","TMO","+89.68","TMO","UNK","TMO","TMO","UNK","GUP"
"NUN066+1","+3.29","+0.46","+3.01","+72.93","+2.89","+1.39","+3.76","UNK","UNK","TMO","TMO","+0.45","UNK","+160.64","TMO","UNK","TMO"
"GEO526+1","+2.21","+0.75","+1.96","+2.23","+19.91","+2.62","TMO","+3.27","+7.46","+18.54","+152.61","UNK","UNK","TMO","TMO","UNK","GUP"
"LCL390+2","+2.40","+63.11","+34.52","+11.33","+176.56","TMO","TMO","UNK","UNK","+52.02","TMO","UNK","UNK","TMO","TMO","UNK","TMO"
"SWB013+2","+2.55","+0.94","+0.56","+0.52","+15.11","+0.49","+5.85","+1.95","TMO","TMO","+9.48","+50.95","UNK","TMO","TMO","UNK","GUP"
"LCL375+1","+2.63","TMO","+10.86","+10.35","TMO","TMO","GUP","UNK","TMO","TMO","TMO","UNK","UNK","TMO","TMO","UNK","TMO"
"SWB053+1","+2.22","+0.44","+0.49","+0.50","+0.95","+0.72","+5.90","+0.92","UNK","TMO","TMO","UNK","+2.34","TMO","TMO","UNK","GUP"
"LCL382+1","+4.16","+46.41","+5.54","+2.48","TMO","+2.75","+10.53","UNK","+4.25","+5.65","+13.69","TMO","UNK","TMO","TMO","UNK","TMO"
"LCL901+1","+3.01","+0.88","+0.91","+0.68","+1.94","+1.20","+28.81","+2.38","+0.54","UNK","+6.19","+4.39","UNK","TMO","TMO","UNK","GUP"
"LCL372+2","+3.08","+75.03","TMO","TMO","TMO","TMO","TMO","UNK","+5.88","TMO","TMO","TMO","UNK","TMO","TMO","UNK","TMO"
"GEO331+1","+2.05","+0.52","+0.72","+0.59","+1.88","+0.54","+7.02","+1.69","TMO","TMO","TMO","TMO","UNK","TMO","TMO","UNK","GUP"
"SYN986+1.004","+10.26","+4.97","TMO","+69.42","+5.47","TMO","TMO","UNK","TMO","TMO","TMO","TMO","UNK","TMO","TMO","UNK","TMO"
"REL021+1","+4.63","+21.41","TMO","TMO","+58.40","+173.50","TMO","UNK","TMO","TMO","+31.11","UNK","UNK","TMO","TMO","UNK","GUP"
"PRD001+1","+2.82","+1.68","+9.64","+5.17","+4.77","+14.90","TMO","UNK","TMO","TMO","GUP","UNK","UNK","TMO","TMO","UNK","TMO"
"GRP748+1","+3.36","+2.62","+0.48","+0.52","+5.84","+27.40","+43.52","+2.02","+1.50","+16.11","TMO","+124.59","+3.00","TMO","TMO","UNK","GUP"
"LCL650+1.010","+37.70","+25.47","TMO","TMO","+43.81","TMO","TMO","UNK","TMO","TMO","TMO","TMO","GUP","TMO","TMO","UNK","TMO"
"GRP655+3","+10.22","+25.19","+12.63","+5.15","TMO","TMO","TMO","UNK","+8.30","+35.52","+14.37","TMO","UNK","TMO","GUP","UNK","GUP"
"NLP260+1","+24.60","+18.07","+21.30","+12.04","+38.05","TMO","GUP","TMO","+13.88","TMO","TMO","TMO","TMO","TMO","UNK","UNK","TMO"
"REL020+2","+6.59","+49.68","+32.17","+20.62","+124.93","TMO","TMO","UNK","UNK","TMO","+54.87","UNK","GUP","TMO","TMO","UNK","GUP"
"CSR030+3","+1.90","+0.66","+0.65","+0.66","+22.73","+1.50","+35.04","+2.96","+0.34","TMO","TMO","+0.84","+18.27","+49.01","+49.21","UNK","TMO"
"SEV631+1*","+2.32","+0.69","+0.72","+0.84","+2.25","+1.12","+9.66","+2.78","UNK","TMO","TMO","TMO","UNK","TMO","TMO","UNK","GUP"
"CSR116+3","+1.46","+1.38","+1.11","+0.85","+46.05","+14.69","+10.53","+8.80","+0.88","TMO","GUP","UNK","TMO","TMO","TMO","UNK","TMO"
"MGT091+1*","+1.44","+0.67","+0.45","+0.52","+1.14","UNK","+4.55","+5.43","+0.40","+0.43","+8.44","+53.58","+0.64","+26.30","UNK","+160.52","GUP"
"LCL392+2","+2.22","+46.17","+74.35","+21.98","TMO","TMO","TMO","UNK","UNK","TMO","TMO","UNK","UNK","TMO","TMO","UNK","TMO"
"SWX217+1*","+2.97","+0.50","+0.56","+0.55","+1.16","+0.66","+30.79","+6.93","+0.40","+0.40","+2.73","UNK","GUP","TMO","TMO","UNK","GUP"
"NUN065+1","+2.29","+0.54","+2.11","+3.11","+2.18","+0.44","+3.98","UNK","TMO","TMO","TMO","TMO","UNK","TMO","TMO","UNK","TMO"
"SWV114+1","+1.13","+0.64","+18.52","+0.66","+2.40","+4.32","+5.59","UNK","TMO","TMO","TMO","UNK","UNK","TMO","TMO","UNK","GUP"
"LCL978+1","+2.82","+32.97","TMO","TMO","TMO","TMO","TMO","UNK","UNK","TMO","TMO","TMO","UNK","TMO","TMO","UNK","TMO"
"SWW186+1","+1.69","+3.40","+1.28","+1.33","+17.44","+9.69","TMO","+142.86","UNK","TMO","TMO","TMO","UNK","TMO","TMO","UNK","GUP"
"LCL395+1","+10.12","TMO","+14.98","+5.57","TMO","TMO","TMO","UNK","TMO","TMO","TMO","TMO","UNK","TMO","TMO","UNK","TMO"
"SWW470+5","+1.63","+0.66","+19.52","+1.91","+3.25","+1.01","+60.83","UNK","+5.05","TMO","TMO","UNK","UNK","TMO","TMO","UNK","GUP"
"LCL664+1.010","+1.21","+0.55","TMO","TMO","+6.58","TMO","TMO","UNK","TMO","TMO","GUP","UNK","UNK","TMO","TMO","UNK","TMO"
"CSR025+5","+28.52","+13.24","+16.98","+24.12","+31.71","+20.61","+73.94","TMO","+11.15","TMO","TMO","+32.90","+131.21","TMO","UNK","UNK","GUP"
"LCL383+1","+3.33","+43.76","+14.29","+3.14","TMO","+91.21","+42.96","UNK","+5.91","TMO","TMO","UNK","UNK","TMO","TMO","UNK","TMO"
"GEO277+1","+3.43","+1.10","+0.54","+0.64","+5.96","+0.63","TMO","+129.09","TMO","TMO","TMO","TMO","UNK","TMO","TMO","UNK","GUP"
"LCL393+1","+2.68","TMO","+11.82","+3.11","TMO","TMO","TMO","UNK","TMO","TMO","TMO","UNK","UNK","TMO","TMO","UNK","TMO"
"NUM835+1","+1.42","+0.63","+0.50","+0.59","+1.47","+0.36","+7.08","+0.71","+0.36","TMO","+1.88","+0.40","+0.43","+0.35","TMO","+7.86","GUP"
"MGT067+1","+1.86","+0.49","+0.55","+0.51","+1.14","+0.43","+5.72","+0.87","+0.39","+0.80","+1.19","+0.41","+2.49","+72.70","+46.79","UNK","TMO"
"GEO274+1","+1.80","+1.27","+0.49","+0.97","+4.78","+0.52","TMO","+82.83","TMO","TMO","TMO","TMO","UNK","TMO","TMO","UNK","GUP"
"NUN082+1","+4.23","+1.12","+6.40","+3.99","+0.95","+50.64","+3.39","+157.82","+7.04","TMO","TMO","UNK","UNK","TMO","TMO","UNK","TMO"
"PRO011+1","+1.43","+0.59","+0.42","+0.52","+1.85","+0.38","+2.17","+1.08","+0.66","+0.44","+1.43","+8.65","+1.27","TMO","+1.57","UNK","GUP"
"LCL652+1.010","+3.02","+6.59","+60.44","+135.45","+12.08","TMO","TMO","UNK","TMO","TMO","TMO","UNK","UNK","TMO","TMO","UNK","TMO"
"NUN054+2","+1.98","+0.46","+0.45","+0.49","+1.22","+0.35","+13.54","+1.04","+0.41","+0.43","+1.37","+2.57","UNK","TMO","TMO","UNK","GUP"
"NUN056+1","+1.55","+10.19","+87.55","+158.91","TMO","+114.96","+13.01","UNK","TMO","TMO","TMO","UNK","UNK","TMO","TMO","UNK","TMO"
"GEO087+1","+1.92","+0.46","+0.45","+0.50","+1.20","+0.37","+1.94","+1.09","+0.37","+0.58","+1.53","+0.40","+0.52","+1.74","+27.89","UNK","GUP"
"LCL983+1","+17.38","TMO","TMO","TMO","TMO","TMO","TMO","UNK","TMO","TMO","TMO","UNK","UNK","TMO","TMO","UNK","TMO"
"SWW961+1","+1.85","+0.44","+0.54","+0.59","+1.32","+0.51","+4.50","+1.25","+3.18","+0.44","TMO","+0.41","UNK","TMO","TMO","UNK","GUP"
"LCL395+2","+4.19","TMO","TMO","TMO","TMO","TMO","TMO","UNK","TMO","TMO","TMO","TMO","UNK","TMO","TMO","UNK","TMO"
"GEO535+1","+2.20","+1.02","+97.74","+123.67","+19.76","+87.14","TMO","UNK","TMO","TMO","TMO","UNK","UNK","+148.67","TMO","UNK","GUP"
"SYO525+1.021","+22.81","+1.08","+0.58","+135.53","TMO","+81.13","TMO","UNK","TMO","UNK","GUP","UNK","GUP","TMO","TMO","UNK","+50.31"
"SWX203+1*","+1.25","+0.44","+0.59","+0.61","+2.39","+0.43","+4.39","+3.53","+1.11","+2.03","TMO","+9.46","UNK","TMO","TMO","UNK","GUP"
"LCL109+1","TMO","TMO","TMO","TMO","TMO","TMO","TMO","UNK","TMO","TMO","TMO","UNK","UNK","TMO","TMO","UNK","TMO"
"SWX199+1*","+1.31","+0.43","+0.38","+0.66","+2.75","+0.65","+5.93","+0.84","+0.44","+0.57","+4.14","+18.93","UNK","TMO","TMO","UNK","GUP"
"LCL646+1.010","+29.35","+42.87","TMO","TMO","TMO","TMO","TMO","UNK","TMO","TMO","GUP","UNK","UNK","TMO","TMO","UNK","TMO"
"SWW394+1","+2.13","+2.20","+2.26","+1.11","+13.37","+0.71","+14.45","+4.56","+13.67","TMO","+160.62","UNK","+23.44","+35.71","TMO","UNK","GUP"
"SYN353+1","+1.71","+0.64","+0.51","+0.43","+1.03","+0.42","+2.26","+0.97","+0.78","+1.20","+1.99","+54.56","UNK","TMO","TMO","UNK","TMO"
"SWV474+1","+1.52","+0.70","+26.97","+3.74","+1.70","TMO","TMO","+6.02","+10.48","TMO","TMO","UNK","UNK","TMO","TMO","UNK","GUP"
"LCL393+2","+10.58","TMO","TMO","TMO","TMO","TMO","GUP","UNK","TMO","TMO","TMO","TMO","UNK","TMO","TMO","UNK","TMO"
"ITP004+1","+1.49","+1.13","+0.61","+0.73","+1.61","+23.06","+87.24","UNK","+0.80","+1.28","+16.12","UNK","TMO","TMO","TMO","UNK","GUP"
"NUN075+1","+3.33","TMO","TMO","TMO","TMO","TMO","+52.86","UNK","TMO","TMO","TMO","TMO","UNK","TMO","TMO","UNK","TMO"
"SWW473+6","+1.81","+0.69","+1.28","+1.38","+4.26","+2.67","+5.74","+3.50","TMO","TMO","TMO","UNK","UNK","+99.59","TMO","UNK","GUP"
"NUN057+1","+6.59","TMO","TMO","TMO","TMO","TMO","TMO","UNK","TMO","TMO","TMO","UNK","UNK","TMO","TMO","UNK","TMO"
"SWW474+3","+1.41","+0.85","+1.04","+1.11","+4.87","TMO","+82.08","+5.49","+34.24","UNK","TMO","TMO","+60.22","TMO","TMO","UNK","GUP"
"LCL073+1","+57.74","TMO","TMO","TMO","TMO","TMO","TMO","UNK","TMO","TMO","TMO","UNK","UNK","TMO","TMO","UNK","TMO"
"SEU269+1","+1.38","+0.50","+171.13","UNK","+4.45","+0.42","TMO","+1.46","+3.78","TMO","TMO","UNK","UNK","+99.44","TMO","UNK","GUP"
"SYO525+1.024","+21.70","+0.86","+1.49","+135.46","TMO","177.64","TMO","+137.57","TMO","UNK","GUP","UNK","GUP","TMO","TMO","UNK","TMO"
"GEO528+1","+3.76","+0.81","+2.61","+1.70","+51.31","+3.46","+23.75","UNK","TMO","TMO","TMO","UNK","UNK","TMO","TMO","UNK","GUP"
"LCL391+2","+4.22","TMO","TMO","TMO","TMO","TMO","GUP","UNK","UNK","TMO","TMO","TMO","UNK","TMO","TMO","UNK","TMO"
"SWB021+2","+2.05","+0.73","+0.49","+0.55","+6.95","+1.04","+9.25","+1.77","+29.34","+17.76","+4.00","UNK","UNK","TMO","TMO","UNK","GUP"
"SYO525+1.027","TMO","+1.24","+1.75","+135.58","TMO","TMO","TMO","UNK","TMO","UNK","GUP","UNK","GUP","TMO","TMO","UNK","+68.10"
"SWX187+1*","+1.38","+0.57","+0.53","+0.49","+1.17","+0.49","+4.34","+1.04","+0.41","+0.60","TMO","TMO","UNK","TMO","TMO","UNK","GUP"
"LCL646+1.015","+33.86","+34.28","TMO","TMO","TMO","TMO","TMO","UNK","TMO","TMO","GUP","TMO","UNK","TMO","TMO","UNK","TMO"
"MGT068+1*","+1.74","+0.63","+3.74","+3.90","+16.12","+0.58","+10.10","+140.06","TMO","TMO","TMO","UNK","UNK","+108.85","TMO","UNK","GUP"
"LAT258+1","+22.49","TMO","TMO","TMO","TMO","TMO","TMO","UNK","TMO","TMO","TMO","UNK","GUP","TMO","TMO","UNK","TMO"
"SEV637+1*","+3.72","+1.23","+0.87","+1.27","+4.66","TMO","+19.90","+6.59","TMO","TMO","TMO","TMO","TMO","TMO","TMO","UNK","GUP"
"NUN086+1","+4.02","+1.18","+3.77","+10.14","+1.31","+51.08","+2.35","+79.58","UNK","TMO","TMO","UNK","UNK","TMO","TMO","UNK","TMO"
"GEO282+1","+1.62","+0.78","+0.54","+1.30","+10.38","+33.06","+6.08","+25.09","TMO","TMO","TMO","UNK","UNK","TMO","TMO","UNK","GUP"
"LCL979+1","+67.75","TMO","TMO","TMO","TMO","TMO","TMO","UNK","TMO","TMO","TMO","TMO","UNK","TMO","TMO","UNK","GUP"
"SET733+4","+1.30","+0.54","+0.63","+0.69","+1.16","TMO","TMO","UNK","TMO","TMO","TMO","UNK","TMO","TMO","TMO","UNK","GUP"
"LCL638+1.020","+82.77","TMO","TMO","TMO","TMO","TMO","TMO","UNK","TMO","TMO","GUP","TMO","TMO","TMO","TMO","UNK","TMO"
"GEO494+1","+2.62","+0.99","+0.88","+1.38","+21.42","+33.25","+8.37","+9.82","TMO","TMO","TMO","UNK","UNK","TMO","TMO","UNK","GUP"
"SYO525+1.030","TMO","+1.67","+1.38","+135.57","TMO","TMO","TMO","UNK","TMO","UNK","GUP","UNK","GUP","TMO","TMO","UNK","+109.13"
"NUM335+1","+1.42","+0.58","+0.46","+0.46","+2.36","+0.59","+11.50","UNK","UNK","+112.03","TMO","UNK","+1.28","+133.45","TMO","UNK","GUP"
"LCL062+2","+14.77","TMO","TMO","TMO","TMO","TMO","TMO","UNK","TMO","TMO","TMO","TMO","UNK","TMO","TMO","UNK","TMO"
"SWV487+3","+1.59","+0.43","+80.28","+47.79","+1.24","+0.58","+115.04","+1.36","+25.62","TMO","TMO","+7.78","UNK","+121.57","TMO","UNK","GUP"
"LCL666+1.010","TMO","TMO","TMO","TMO","TMO","TMO","TMO","UNK","TMO","TMO","TMO","UNK","UNK","TMO","TMO","UNK","TMO"
"ITP023+2","+1.29","+0.50","+0.79","+2.34","+1.16","+0.74","+6.18","UNK","TMO","TMO","TMO","UNK","UNK","TMO","TMO","UNK","GUP"
"LCL662+1.020","TMO","TMO","TMO","UNK","TMO","TMO","GUP","UNK","TMO","TMO","TMO","TMO","GUP","TMO","TMO","UNK","TMO"
"SWW298+1","+1.97","+0.98","+1.15","+1.14","+21.41","+0.83","+22.48","+2.55","+20.73","TMO","TMO","UNK","+15.28","+48.47","+20.01","UNK","GUP"
"GEO298+1","+1.57","+1.46","+1.45","+2.30","+19.73","+0.63","TMO","UNK","TMO","TMO","TMO","TMO","UNK","TMO","TMO","UNK","GUP"
"NUM860+1","+4.91","+2.10","+3.93","+3.99","+10.81","TMO","+68.43","UNK","TMO","TMO","TMO","UNK","UNK","TMO","TMO","UNK","GUP"
"SWB047+1","+1.56","+0.65","+3.48","+4.77","+49.98","+6.25","+14.89","+3.51","TMO","TMO","TMO","UNK","UNK","TMO","TMO","UNK","GUP"
"SWB040+1","+1.75","+0.71","+3.68","+2.30","+48.33","+3.55","+19.97","+1.08","TMO","TMO","TMO","UNK","UNK","TMO","TMO","UNK","GUP"
"ITP013+1","+2.39","+0.58","+0.63","+0.51","+1.40","+0.56","TMO","+3.36","+1.46","+0.94","+21.37","+12.61","UNK","TMO","TMO","UNK","GUP"
"SET716+4","+2.19","+0.45","+20.04","+0.52","+4.77","TMO","TMO","UNK","TMO","TMO","TMO","UNK","UNK","TMO","TMO","UNK","GUP"
"NUM859+1","+4.43","+1.59","+1.56","+0.93","+7.03","+2.61","TMO","+32.37","TMO","TMO","TMO","UNK","UNK","TMO","TMO","UNK","GUP"
"GEO523+1","+3.02","+0.71","+0.50","+0.56","+1.59","+5.34","+34.17","+6.57","+3.33","TMO","TMO","+90.57","UNK","TMO","TMO","UNK","GUP"
"SWX197+1*","+4.19","+0.53","+10.84","+11.78","TMO","+11.61","TMO","UNK","UNK","UNK","+22.41","TMO","UNK","TMO","TMO","UNK","GUP"
"GRP654+1","+37.86","TMO","TMO","TMO","TMO","TMO","TMO","UNK","+14.41","TMO","+5.64","TMO","UNK","TMO","GUP","UNK","GUP"
"SWX223+1*","+2.08","+0.66","+0.95","+0.76","+2.68","+0.39","+3.20","+1.27","+37.37","+24.29","TMO","UNK","UNK","TMO","TMO","UNK","GUP"
"SEV646+1*","+1.63","+0.91","+0.85","+0.97","+3.36","TMO","+13.83","+108.78","UNK","TMO","TMO","TMO","+54.43","TMO","TMO","UNK","GUP"
"SWX224+1*","+1.43","+0.63","+1.82","+4.02","+1.14","+0.45","+2.59","+1.40","+0.50","+39.68","+12.15","+31.57","UNK","TMO","TMO","UNK","GUP"
"SEV677+1*","+1.76","+0.80","+0.79","+0.98","+2.24","TMO","+8.72","+4.15","UNK","TMO","TMO","TMO","UNK","TMO","UNK","UNK","GUP"
"SWB032+1","+2.06","+0.55","+0.48","+0.47","+3.03","+16.70","+6.66","+1.10","TMO","TMO","TMO","UNK","UNK","TMO","TMO","UNK","GUP"
"SWV234+2","+3.52","+1.49","+0.49","+0.52","+54.94","+0.83","+6.80","+2.44","TMO","TMO","TMO","UNK","UNK","TMO","TMO","UNK","GUP"
"SET964+1","+1.27","+0.46","+0.56","+0.51","+1.17","+0.45","+1.98","+1.86","+22.33","TMO","TMO","UNK","UNK","TMO","TMO","UNK","GUP"
"COM139+1","+2.61","+1.38","+0.65","+0.68","+147.44","+58.24","TMO","+88.66","TMO","TMO","TMO","UNK","UNK","TMO","TMO","UNK","GUP"
"SWB023+1","+1.32","+0.63","+0.61","+0.61","+3.76","+4.05","+7.84","+0.92","TMO","TMO","+11.38","UNK","UNK","TMO","TMO","UNK","GUP"
"GRA008+1","+2.30","+8.07","+0.49","+0.57","+1.84","+1.89","TMO","+3.87","+100.95","TMO","TMO","UNK","UNK","TMO","TMO","UNK","GUP"
"CSR038+4","+2.70","+2.67","+1.10","+1.69","+3.34","+18.70","+17.39","+32.47","+0.87","TMO","TMO","UNK","+46.21","TMO","TMO","UNK","GUP"
"GEO093+1","+1.60","+0.55","+0.66","+1.20","+3.97","+0.53","+6.18","UNK","TMO","TMO","TMO","UNK","UNK","+57.43","TMO","UNK","GUP"
"SWX219+1*","+1.68","+0.54","+6.99","+8.78","+1.91","+1.04","+4.42","+26.94","+48.13","+21.21","TMO","UNK","UNK","TMO","TMO","UNK","GUP"
"SEV629+1*","+2.43","+0.79","+0.63","+0.72","+0.96","+131.07","+8.39","+2.33","UNK","TMO","TMO","TMO","+24.88","TMO","TMO","UNK","GUP"
"SWW278+1","+2.20","+4.20","+1.71","+1.43","TMO","+0.67","TMO","+21.02","TMO","TMO","TMO","TMO","UNK","TMO","TMO","UNK","GUP"
"CSR005+2","+3.00","+0.63","+3.46","+4.28","+39.81","TMO","+26.75","+6.13","UNK","+140.39","TMO","TMO","UNK","TMO","TMO","UNK","GUP"
"GEO285+1","+0.81","+0.74","+0.50","+1.05","+18.48","+34.78","+10.58","+8.75","TMO","TMO","TMO","TMO","UNK","TMO","TMO","UNK","GUP"
"GEO306+1","+1.71","+0.57","+0.94","+1.02","+7.85","+3.82","TMO","+4.02","TMO","TMO","TMO","TMO","UNK","TMO","TMO","UNK","GUP"
"SCT155+1","+1.34","+0.41","+0.45","+0.53","+1.16","TMO","TMO","+21.32","TMO","TMO","TMO","TMO","UNK","TMO","TMO","UNK","GUP"
"SEV569+1","+3.09","+1.90","TMO","TMO","+15.88","+14.23","+6.60","UNK","TMO","TMO","TMO","UNK","UNK","TMO","TMO","UNK","GUP"
"SCT123+1","+2.22","+1.18","TMO","TMO","TMO","+8.38","+26.36","+6.62","TMO","+60.43","TMO","TMO","UNK","TMO","TMO","UNK","GUP"
"NUM321+1","+0.86","+0.59","+6.37","+0.80","+2.99","+2.97","+3.29","+4.24","UNK","+57.89","TMO","UNK","+0.83","TMO","TMO","UNK","GUP"
"COM008+2","+3.16","+2.59","+0.59","+0.53","+5.21","+1.42","TMO","UNK","+28.07","+9.45","GUP","TMO","GUP","TMO","TMO","UNK","GUP"
"SWW350+1","+3.14","+0.90","+1.03","+1.11","+45.11","+3.60","+18.08","+2.57","+2.68","TMO","TMO","TMO","TMO","TMO","TMO","UNK","GUP"
"SWB046+1","+2.20","+0.61","+4.46","+5.50","+51.60","TMO","+8.45","+1.02","TMO","TMO","TMO","UNK","UNK","TMO","TMO","UNK","GUP"
"MGT035+2","+2.76","+0.92","+7.21","+16.96","+2.94","TMO","TMO","+87.35","UNK","TMO","TMO","UNK","UNK","TMO","TMO","UNK","GUP"
"KLE169+1","+2.99","+0.99","+114.02","+114.62","+11.13","TMO","+42.51","UNK","+18.10","TMO","TMO","UNK","TMO","TMO","TMO","UNK","GUP"
"KLE100+1","+1.94","+2.71","+0.68","+0.73","+3.38","+33.76","TMO","+19.31","+53.35","+28.99","TMO","UNK","UNK","TMO","TMO","UNK","GUP"
"GEO089+1","+1.64","+1.49","+26.55","+4.10","+16.13","TMO","TMO","UNK","TMO","TMO","TMO","UNK","+79.77","TMO","TMO","UNK","GUP"
"SWX221+1*","+1.53","+1.22","+0.88","+1.04","+3.34","+0.54","+4.74","+2.94","TMO","TMO","TMO","UNK","UNK","TMO","TMO","UNK","GUP"
"SEV679+1*","+1.49","+1.31","TMO","TMO","+6.81","+2.98","+6.15","+4.46","UNK","TMO","TMO","TMO","UNK","TMO","TMO","UNK","GUP"
"SEV656+1*","+6.53","+82.74","+15.28","+6.11","136.37","+21.65","TMO","+60.58","UNK","TMO","TMO","TMO","UNK","TMO","TMO","UNK","GUP"
"CSR066+5","+34.70","+25.17","+34.70","+11.49","+35.01","+164.76","+78.30","TMO","+12.54","TMO","TMO","TMO","TMO","TMO","UNK","UNK","GUP"
"TOP029+1","+1.95","+16.09","+2.36","+2.24","+27.81","TMO","+40.83","UNK","TMO","TMO","TMO","UNK","UNK","TMO","TMO","UNK","GUP"
"COM131+1","+2.19","+3.65","+0.88","+1.12","+123.46","TMO","TMO","UNK","TMO","TMO","TMO","TMO","UNK","TMO","TMO","UNK","GUP"
"ITP006+2","+1.29","+1.15","+1.85","+0.77","+2.26","+7.44","+9.08","+3.87","TMO","TMO","TMO","UNK","UNK","TMO","TMO","UNK","GUP"
"COM136+1","+1.50","+12.84","+0.60","+0.70","+164.67","TMO","+2.90","+129.85","TMO","TMO","TMO","UNK","UNK","TMO","TMO","TMO","GUP"
"SWW374+1","+2.23","+1.06","+6.24","+2.40","TMO","TMO","TMO","+57.41","+82.93","TMO","TMO","TMO","UNK","TMO","TMO","UNK","GUP"
"SCT120+1","+1.85","+0.78","+92.55","+32.50","TMO","+20.14","+5.57","+42.32","+106.57","+52.84","TMO","TMO","UNK","TMO","TMO","UNK","GUP"
"GEO308+1","+4.15","+0.67","TMO","UNK","+6.46","+1.51","TMO","UNK","TMO","TMO","TMO","TMO","UNK","TMO","TMO","UNK","GUP"
"GEO307+1","+2.51","+0.65","TMO","UNK","+11.59","+0.33","TMO","UNK","TMO","TMO","TMO","TMO","UNK","TMO","TMO","UNK","GUP"
"GEO321+1","+4.33","+2.73","TMO","UNK","+5.23","+1.76","TMO","UNK","TMO","TMO","TMO","TMO","UNK","TMO","TMO","UNK","GUP"
"ALG213+1","+24.62","+34.49","TMO","TMO","TMO","TMO","TMO","UNK","TMO","TMO","TMO","TMO","UNK","TMO","TMO","UNK","GUP"
"SEV673+1*","+4.15","+1.56","+20.91","+9.10","133.95","TMO","+66.14","+70.28","TMO","TMO","TMO","TMO","TMO","TMO","TMO","UNK","GUP"
"SWX240_1*","+41.70","+1.34","+0.90","+0.84","+144.75","+21.96","+72.93","UNK","TMO","TMO","TMO","UNK","UNK","TMO","TMO","UNK","GUP"
"SEV655+1*","+3.14","TMO","+133.57","+58.10","TMO","TMO","TMO","+147.10","UNK","TMO","TMO","TMO","UNK","TMO","TMO","UNK","GUP"
"SWX220+1*","+1.37","+0.49","+10.33","+97.08","+2.24","+1.06","+4.40","+4.89","+70.64","+13.29","TMO","UNK","UNK","TMO","TMO","UNK","GUP"
"NUM639+4","+1.88","+3.19","+15.71","+20.02","TMO","TMO","TMO","UNK","TMO","TMO","TMO","UNK","UNK","TMO","TMO","UNK","GUP"
"LCL556+1","+3.41","+3.32","+1.26","+1.11","+77.27","+14.03","TMO","UNK","TMO","TMO","TMO","UNK","GUP","TMO","TMO","UNK","GUP"
"SCT158+1","+2.10","+0.51","+0.47","+0.70","+1.25","TMO","+10.90","+2.23","TMO","TMO","TMO","TMO","UNK","TMO","TMO","UNK","GUP"
"ITP020+2","+1.62","+0.53","+13.27","+0.51","+5.44","+0.92","+50.67","+6.84","TMO","TMO","TMO","UNK","UNK","TMO","TMO","+164.76","GUP"
"SWB068+1","+1.94","+0.61","+0.56","+0.67","+1.07","+35.96","+9.96","+34.17","TMO","UNK","TMO","UNK","UNK","TMO","TMO","UNK","GUP"
"SEV667+1*","+2.46","+0.81","+6.88","+8.56","+1.82","TMO","TMO","+2.33","UNK","TMO","TMO","TMO","+96.95","TMO","TMO","UNK","GUP"
"SEV610+1*","+2.24","+0.89","+0.84","+1.05","+1.71","+153.37","+9.11","UNK","UNK","TMO","TMO","TMO","UNK","TMO","TMO","UNK","GUP"
"SEV643+1*","+8.10","+8.46","+0.81","+0.95","+10.51","TMO","+32.63","+5.43","UNK","UNK","TMO","UNK","UNK","TMO","TMO","UNK","GUP"
"SEV661+1*","+2.37","+1.69","+1.05","+0.91","+73.12","TMO","+8.02","UNK","UNK","TMO","GUP","TMO","UNK","TMO","TMO","UNK","GUP"
"AGT007+2","+3.30","+0.98","+4.19","+5.44","+57.95","TMO","+19.12","UNK","TMO","TMO","TMO","UNK","UNK","TMO","TMO","UNK","GUP"
"SWB012+1","+1.67","+1.60","TMO","TMO","TMO","TMO","TMO","+40.99","TMO","TMO","+18.08","UNK","UNK","TMO","TMO","UNK","GUP"
"SEU427+4","+10.10","+16.51","+7.05","+16.46","TMO","+33.16","TMO","TMO","TMO","TMO","TMO","TMO","UNK","TMO","TMO","UNK","GUP"
"SWB063+1","+2.42","+0.45","TMO","TMO","+50.62","+122.99","+7.37","+0.92","TMO","TMO","TMO","UNK","UNK","TMO","TMO","UNK","GUP"
"CSR050+5","+36.41","+24.34","+24.77","+21.83","+155.91","+173.00","TMO","TMO","GUP","TMO","TMO","TMO","TMO","TMO","UNK","UNK","GUP"
"SCT117+1","+1.82","+0.54","+23.84","+135.62","+50.28","TMO","TMO","UNK","TMO","TMO","TMO","UNK","UNK","TMO","TMO","UNK","GUP"
"SCT115+1","+1.75","+1.25","+20.44","+135.51","TMO","+11.61","+22.54","UNK","TMO","TMO","TMO","UNK","UNK","TMO","TMO","UNK","GUP"
"SEV581+1","+2.71","+0.55","TMO","TMO","+164.62","+162.81","TMO","UNK","TMO","TMO","TMO","TMO","UNK","TMO","TMO","UNK","GUP"
"LCL898+1","+2.61","TMO","+20.55","+0.92","TMO","TMO","TMO","UNK","TMO","UNK","+11.31","UNK","UNK","TMO","TMO","UNK","GUP"
"SWV467+1","+1.77","+0.54","TMO","TMO","+5.92","TMO","TMO","+134.56","TMO","TMO","+107.15","UNK","UNK","TMO","TMO","UNK","GUP"
"SWB027+1","+1.72","+0.69","+0.47","+0.56","+69.53","TMO","TMO","+3.69","TMO","TMO","TMO","UNK","UNK","TMO","TMO","UNK","GUP"
"SWX241_1*","+39.28","+0.78","+0.91","+1.03","+149.47","+169.94","+97.12","UNK","UNK","TMO","TMO","UNK","UNK","TMO","TMO","UNK","GUP"
"SEV609+1*","+2.88","+0.66","+2.53","+3.35","+5.54","TMO","+65.99","+12.96","UNK","TMO","TMO","TMO","UNK","TMO","TMO","UNK","GUP"
"SEV607+1*","+30.95","+3.90","TMO","TMO","TMO","TMO","TMO","UNK","UNK","TMO","TMO","TMO","UNK","TMO","TMO","UNK","GUP"
"SEV660+1*","+3.57","+0.76","+0.72","+0.75","+2.01","+125.11","+8.94","+4.05","UNK","TMO","TMO","TMO","+12.59","TMO","TMO","UNK","GUP"
"NUM694+4","+4.23","+2.34","+2.33","+3.64","+97.25","TMO","TMO","UNK","TMO","TMO","TMO","UNK","UNK","TMO","TMO","UNK","GUP"
"ITP020+4","+12.54","+14.45","+18.47","+41.74","TMO","TMO","TMO","TMO","TMO","UNK","TMO","+19.22","UNK","TMO","TMO","UNK","GUP"
"ITP012+5","+5.61","+7.21","+17.66","+23.73","TMO","TMO","TMO","TMO","TMO","TMO","TMO","TMO","TMO","TMO","UNK","UNK","GUP"
"SYN076+1","+39.08","+8.57","TMO","TMO","TMO","TMO","TMO","UNK","TMO","TMO","TMO","TMO","UNK","TMO","TMO","UNK","GUP"
"SWW937+1","+1.53","+2.88","+4.76","+3.70","+52.83","TMO","TMO","+50.18","TMO","TMO","+146.65","UNK","UNK","TMO","TMO","UNK","GUP"
"SEV563+1","+1.72","+3.32","TMO","TMO","TMO","TMO","TMO","UNK","TMO","TMO","TMO","UNK","UNK","TMO","TMO","UNK","GUP"
"SWB055+1","+1.58","+0.62","+71.90","+4.67","+7.02","TMO","+9.30","+101.00","TMO","TMO","TMO","UNK","UNK","TMO","TMO","UNK","GUP"
"GEO514+1","+2.44","+0.74","TMO","TMO","TMO","+38.05","TMO","UNK","TMO","TMO","TMO","UNK","UNK","TMO","TMO","UNK","GUP"
"SWX194+1*","+112.66","TMO","TMO","TMO","TMO","+83.88","TMO","UNK","+11.17","TMO","TMO","UNK","UNK","TMO","TMO","UNK","GUP"
"SEV612+1*","+13.02","+1.42","+6.19","+7.93","+64.56","TMO","+9.95","UNK","TMO","TMO","TMO","TMO","TMO","TMO","TMO","UNK","GUP"
"SEV621+1*","+2.77","+1.34","+2.98","+7.12","+4.47","+11.93","TMO","+54.52","UNK","TMO","TMO","TMO","UNK","TMO","TMO","TMO","GUP"
"SEV616+1*","+7.55","+2.71","+0.79","+1.58","+99.44","TMO","+18.64","UNK","UNK","TMO","TMO","TMO","+50.43","TMO","TMO","UNK","GUP"
"SWX209+1*","+29.64","+3.94","+41.52","+77.84","TMO","TMO","+169.25","+22.90","TMO","TMO","TMO","TMO","UNK","TMO","TMO","UNK","GUP"
"SWX210+1*","+17.48","+3.92","+61.31","+46.62","TMO","TMO","+161.45","UNK","TMO","TMO","TMO","UNK","UNK","TMO","TMO","UNK","GUP"
"SWX212+1*","+17.82","+37.85","+17.92","+29.32","TMO","+76.85","+88.43","+87.80","UNK","TMO","TMO","UNK","UNK","TMO","TMO","UNK","GUP"
"SEV641+1*","+2.67","+1.44","+38.55","+55.22","+8.91","TMO","+27.97","+30.59","UNK","TMO","TMO","UNK","+136.39","TMO","TMO","UNK","GUP"
"ITP004+4","+3.81","+3.80","+79.69","+72.87","+115.95","+130.35","+12.48","UNK","+6.31","UNK","TMO","+4.87","UNK","TMO","+35.68","UNK","GUP"
"GEO513+1","+8.42","+1.23","TMO","TMO","TMO","TMO","TMO","UNK","TMO","TMO","TMO","UNK","UNK","TMO","TMO","UNK","GUP"
"GEO337+1","+4.03","+1.63","TMO","TMO","+58.19","+0.99","TMO","UNK","TMO","TMO","TMO","TMO","UNK","TMO","TMO","UNK","GUP"
"LAT287+3","+4.14","+2.08","+8.11","+60.14","TMO","TMO","TMO","+41.80","TMO","TMO","TMO","TMO","UNK","TMO","TMO","UNK","GUP"
"SWB093+1","+2.59","+2.34","TMO","TMO","TMO","TMO","TMO","UNK","TMO","TMO","TMO","UNK","UNK","TMO","TMO","UNK","GUP"
"AGT022+1","+2.01","+4.68","TMO","TMO","+38.52","+121.15","TMO","UNK","TMO","TMO","TMO","UNK","UNK","TMO","TMO","UNK","GUP"
"SWX051+1","+3.53","TMO","TMO","TMO","TMO","TMO","TMO","UNK","TMO","UNK","TMO","UNK","+22.52","TMO","TMO","UNK","GUP"
"SEV634+1*","+12.49","+1.37","TMO","TMO","+122.90","TMO","TMO","UNK","TMO","TMO","TMO","TMO","UNK","TMO","UNK","UNK","GUP"
"SEV636+1*","+8.38","+6.82","TMO","TMO","TMO","TMO","GUP","+135.87","UNK","TMO","TMO","TMO","UNK","TMO","TMO","UNK","GUP"
"SEV630+1*","+2.48","+3.97","TMO","TMO","+170.48","TMO","TMO","UNK","UNK","TMO","TMO","UNK","UNK","TMO","TMO","UNK","GUP"
"SEV640+1*","+2.93","+1.14","TMO","TMO","TMO","TMO","TMO","UNK","TMO","TMO","TMO","TMO","UNK","TMO","TMO","UNK","GUP"
"SWB095+1","+1.59","+2.54","TMO","TMO","TMO","TMO","TMO","UNK","TMO","TMO","TMO","UNK","UNK","TMO","TMO","UNK","GUP"
"ITP002+2","+3.25","+9.36","TMO","TMO","TMO","TMO","TMO","UNK","TMO","TMO","TMO","UNK","UNK","TMO","TMO","UNK","GUP"
"SWB042+1","+2.04","+1.16","TMO","TMO","+65.79","TMO","TMO","UNK","TMO","TMO","TMO","UNK","UNK","TMO","TMO","UNK","GUP"
"LAT305+3","+3.67","+4.37","TMO","TMO","TMO","TMO","TMO","TMO","+168.21","TMO","TMO","TMO","UNK","TMO","TMO","UNK","GUP"
"LAT351+3","+4.08","+32.76","TMO","TMO","UNK","TMO","TMO","TMO","TMO","TMO","TMO","TMO","UNK","TMO","TMO","UNK","GUP"
"SWB020+1","+2.72","+1.78","TMO","TMO","TMO","TMO","TMO","UNK","TMO","TMO","TMO","UNK","UNK","TMO","TMO","UNK","GUP"
"SWB090+1","+1.76","+2.66","TMO","TMO","TMO","+96.51","TMO","UNK","TMO","TMO","TMO","UNK","UNK","TMO","TMO","UNK","GUP"
"SEV627+1*","+1.63","+1.36","+94.79","+77.83","+79.46","TMO","+173.88","UNK","UNK","TMO","TMO","UNK","UNK","TMO","TMO","UNK","GUP"
"SEV625+1*","+4.39","+1.22","+96.70","+39.99","TMO","TMO","+16.11","UNK","UNK","TMO","GUP","TMO","UNK","TMO","TMO","UNK","GUP"
"SEV658+1*","+24.18","+18.87","TMO","TMO","TMO","TMO","TMO","UNK","UNK","TMO","TMO","TMO","UNK","TMO","TMO","TMO","GUP"
"SEV645+1*","+160.28","+17.52","+0.75","+0.94","+22.93","TMO","TMO","UNK","TMO","TMO","TMO","TMO","UNK","TMO","TMO","UNK","GUP"
"SEV657+1*","+14.69","+1.72","TMO","TMO","+109.33","TMO","+85.77","UNK","UNK","TMO","TMO","TMO","UNK","TMO","TMO","UNK","GUP"
"SWV234+1","+3.51","+65.01","+71.60","+47.84","TMO","TMO","TMO","UNK","TMO","TMO","TMO","UNK","UNK","TMO","TMO","UNK","GUP"
"GEO491+1","+10.90","+29.71","TMO","TMO","+52.31","TMO","+161.22","UNK","TMO","TMO","TMO","UNK","UNK","TMO","TMO","UNK","GUP"
"SWW279+1","+55.02","TMO","TMO","TMO","TMO","TMO","TMO","UNK","TMO","TMO","TMO","UNK","UNK","TMO","TMO","UNK","GUP"
"GEO310+1","+5.25","TMO","+60.33","+74.84","TMO","TMO","TMO","UNK","TMO","TMO","TMO","TMO","UNK","TMO","TMO","UNK","GUP"
"SWB099+1","+1.62","+2.23","TMO","TMO","TMO","TMO","TMO","UNK","TMO","TMO","TMO","UNK","UNK","TMO","TMO","UNK","GUP"
"CSR036+5","+79.46","+68.81","TMO","TMO","TMO","TMO","TMO","TMO","TMO","TMO","TMO","TMO","TMO","TMO","UNK","UNK","GUP"
"BIO006+1","+24.79","+13.41","TMO","TMO","TMO","+50.54","GUP","UNK","GUP","UNK","TMO","TMO","TMO","TMO","UNK","UNK","UNK"
"GEO517+1","+1.94","TMO","TMO","TMO","TMO","TMO","TMO","UNK","TMO","TMO","TMO","UNK","UNK","TMO","TMO","UNK","GUP"
"ITP012+4","+7.16","+6.94","+16.60","+58.29","TMO","+49.32","+60.50","TMO","TMO","UNK","TMO","+13.02","TMO","TMO","TMO","UNK","GUP"
"GEO330+1","+3.61","TMO","TMO","TMO","TMO","TMO","TMO","UNK","TMO","TMO","TMO","TMO","UNK","TMO","TMO","UNK","GUP"
"SCT124+1","+34.41","TMO","+51.06","+37.36","TMO","TMO","TMO","UNK","TMO","TMO","TMO","UNK","UNK","TMO","TMO","UNK","GUP"
"HWV051+1","+47.07","+10.44","TMO","TMO","+138.19","TMO","TMO","UNK","TMO","TMO","GUP","TMO","UNK","TMO","TMO","UNK","GUP"
"ITP006+4","+5.16","+7.83","TMO","TMO","+145.99","TMO","+14.15","TMO","TMO","UNK","TMO","+3.41","TMO","TMO","TMO","UNK","GUP"
"GEO520+1","+40.55","+39.63","TMO","TMO","TMO","TMO","TMO","UNK","TMO","TMO","TMO","UNK","UNK","TMO","TMO","UNK","GUP"
"SWB091+1","+2.84","+0.61","TMO","TMO","TMO","TMO","TMO","+97.16","TMO","TMO","TMO","UNK","UNK","TMO","TMO","UNK","GUP"
"NUM669+4","+2.60","+13.26","TMO","TMO","TMO","TMO","TMO","UNK","TMO","TMO","TMO","UNK","UNK","TMO","TMO","UNK","GUP"
"LAT303+4","+5.91","+4.55","TMO","TMO","TMO","TMO","TMO","TMO","TMO","TMO","TMO","TMO","UNK","TMO","TMO","UNK","GUP"
"SET817+4","+23.81","+4.55","TMO","TMO","TMO","TMO","TMO","UNK","TMO","TMO","TMO","UNK","UNK","TMO","TMO","UNK","GUP"
"SWB103+1","+3.46","+3.83","TMO","TMO","TMO","TMO","TMO","UNK","TMO","TMO","TMO","UNK","UNK","TMO","TMO","UNK","GUP"
"LCL891+1","+10.48","+139.28","+81.32","+50.15","TMO","TMO","TMO","UNK","TMO","UNK","TMO","UNK","UNK","TMO","TMO","UNK","GUP"
"SWX189+1*","TMO","TMO","TMO","TMO","TMO","TMO","TMO","UNK","TMO","UNK","TMO","TMO","UNK","TMO","TMO","UNK","GUP"
"REL040+2","+2.23","TMO","TMO","TMO","TMO","TMO","TMO","UNK","TMO","TMO","TMO","TMO","UNK","TMO","TMO","UNK","GUP"
"SEV675+1*","TMO","+21.93","TMO","TMO","TMO","TMO","TMO","UNK","UNK","TMO","TMO","TMO","UNK","TMO","UNK","UNK","GUP"
"SEV671+1*","+7.38","+8.99","TMO","TMO","TMO","TMO","TMO","UNK","TMO","TMO","TMO","UNK","UNK","TMO","TMO","UNK","GUP"
"SEV651+1*","+179.21","TMO","TMO","TMO","TMO","TMO","TMO","UNK","UNK","TMO","TMO","TMO","UNK","TMO","TMO","TMO","GUP"
"SEV650+1*","TMO","TMO","TMO","TMO","TMO","TMO","TMO","UNK","UNK","TMO","TMO","TMO","UNK","TMO","TMO","UNK","GUP"
"SEV622+1*","+49.54","+2.04","TMO","TMO","TMO","TMO","TMO","UNK","UNK","TMO","GUP","TMO","UNK","TMO","TMO","TMO","GUP"
"NUM658+4","+2.01","+7.27","TMO","TMO","TMO","TMO","TMO","UNK","TMO","TMO","TMO","UNK","UNK","TMO","TMO","UNK","GUP"
"SCT170+3","+4.26","+56.64","TMO","TMO","TMO","TMO","+30.73","UNK","TMO","UNK","TMO","UNK","UNK","TMO","TMO","UNK","GUP"
"NUM671+4","+3.32","+3.98","TMO","TMO","TMO","+32.17","TMO","UNK","TMO","TMO","TMO","UNK","UNK","TMO","TMO","UNK","GUP"
"NUM789+4","+5.32","+9.50","TMO","TMO","TMO","TMO","TMO","UNK","TMO","UNK","TMO","UNK","UNK","TMO","TMO","UNK","GUP"
"NUM785+4","+3.25","TMO","TMO","TMO","TMO","TMO","TMO","UNK","TMO","UNK","TMO","UNK","UNK","TMO","TMO","UNK","GUP"
"GEO328+1","+10.02","TMO","TMO","TMO","TMO","TMO","TMO","UNK","TMO","TMO","TMO","TMO","UNK","TMO","TMO","UNK","GUP"
"SEV522+1","+4.27","TMO","TMO","TMO","TMO","TMO","TMO","UNK","TMO","TMO","TMO","UNK","UNK","TMO","TMO","UNK","GUP"
"SCT125+1","+28.97","TMO","TMO","TMO","TMO","TMO","TMO","UNK","TMO","TMO","TMO","UNK","UNK","TMO","TMO","UNK","GUP"
"ITP018+5","+8.97","+5.09","TMO","TMO","TMO","TMO","TMO","TMO","TMO","TMO","TMO","TMO","TMO","TMO","UNK","UNK","GUP"
"GEO323+1","+5.38","TMO","TMO","TMO","TMO","TMO","TMO","UNK","TMO","TMO","TMO","TMO","UNK","TMO","TMO","UNK","GUP"
"ITP009+2","+2.87","+0.74","TMO","TMO","TMO","TMO","TMO","UNK","TMO","TMO","TMO","UNK","UNK","TMO","TMO","UNK","GUP"
"NUM695+4","+6.45","+147.11","TMO","TMO","TMO","TMO","TMO","UNK","TMO","TMO","TMO","UNK","UNK","TMO","TMO","UNK","GUP"
"CSR208+1","+26.07","TMO","TMO","TMO","TMO","TMO","TMO","UNK","TMO","TMO","TMO","TMO","UNK","TMO","UNK","UNK","GUP"
"NUM656+4","+3.25","+11.62","TMO","TMO","TMO","TMO","TMO","UNK","TMO","TMO","TMO","UNK","UNK","TMO","TMO","UNK","GUP"
"TOP020+1","TMO","TMO","TMO","TMO","TMO","TMO","TMO","UNK","TMO","TMO","TMO","UNK","UNK","TMO","TMO","UNK","GUP"
"NUM657+4","+3.19","+2.70","TMO","TMO","TMO","TMO","TMO","UNK","TMO","TMO","TMO","UNK","UNK","TMO","TMO","UNK","GUP"
"NUM653+4","+2.14","TMO","TMO","TMO","TMO","TMO","TMO","UNK","TMO","TMO","TMO","UNK","UNK","TMO","TMO","UNK","GUP"
"SEV618+1*","TMO","TMO","TMO","TMO","TMO","TMO","TMO","UNK","TMO","TMO","TMO","TMO","UNK","TMO","TMO","UNK","GUP"
"SWX201+1*","TMO","TMO","TMO","TMO","TMO","TMO","TMO","UNK","TMO","TMO","TMO","TMO","UNK","TMO","TMO","UNK","GUP"
"SEV620+1*","+47.83","+84.30","TMO","TMO","TMO","TMO","TMO","UNK","UNK","TMO","TMO","TMO","UNK","TMO","TMO","TMO","GUP"
"SEV626+1*","TMO","+27.19","TMO","TMO","TMO","TMO","TMO","UNK","UNK","TMO","TMO","TMO","UNK","TMO","TMO","UNK","GUP"
"SWX211+1*","+129.81","+4.34","TMO","TMO","TMO","TMO","TMO","UNK","TMO","TMO","TMO","TMO","UNK","TMO","TMO","UNK","GUP"
"SEV676+1*","+137.10","TMO","TMO","TMO","TMO","TMO","TMO","UNK","UNK","TMO","TMO","UNK","UNK","TMO","UNK","UNK","GUP"
"SWX202+1*","TMO","+80.73","TMO","TMO","TMO","TMO","TMO","UNK","TMO","TMO","TMO","TMO","UNK","TMO","TMO","UNK","GUP"
"SEV654+1*","TMO","TMO","TMO","TMO","TMO","TMO","TMO","UNK","UNK","TMO","TMO","UNK","UNK","TMO","TMO","UNK","GUP"
"NUM757+4","+7.37","TMO","TMO","TMO","TMO","TMO","TMO","UNK","TMO","TMO","TMO","UNK","UNK","TMO","TMO","UNK","GUP"
"NUM796+4","+13.42","TMO","TMO","TMO","TMO","TMO","TMO","UNK","TMO","UNK","TMO","UNK","UNK","TMO","TMO","UNK","GUP"
"NUM747+4","+21.50","TMO","TMO","TMO","TMO","TMO","TMO","UNK","TMO","UNK","TMO","UNK","UNK","TMO","TMO","UNK","GUP"
"NUM664+4","+10.25","TMO","TMO","TMO","TMO","TMO","TMO","UNK","TMO","TMO","TMO","UNK","UNK","TMO","TMO","UNK","GUP"
"GEO351+1","+53.30","TMO","TMO","TMO","TMO","TMO","TMO","UNK","TMO","TMO","TMO","TMO","UNK","TMO","TMO","UNK","GUP"
"NUM698+4","+12.28","TMO","TMO","TMO","TMO","TMO","TMO","UNK","TMO","TMO","TMO","UNK","UNK","TMO","TMO","UNK","GUP"
"GEO480+1","+21.27","TMO","TMO","TMO","TMO","TMO","TMO","UNK","UNK","TMO","TMO","TMO","TMO","TMO","TMO","UNK","GUP"
"NUM691+4","+18.17","TMO","TMO","TMO","TMO","TMO","TMO","UNK","TMO","TMO","TMO","UNK","UNK","TMO","TMO","UNK","GUP"
"GEO501+1","TMO","TMO","TMO","TMO","TMO","TMO","TMO","UNK","TMO","TMO","TMO","UNK","UNK","TMO","TMO","UNK","GUP"
"NUM787+4","+3.18","+7.59","TMO","TMO","TMO","TMO","TMO","UNK","TMO","UNK","TMO","UNK","UNK","TMO","TMO","UNK","GUP"
"SEU440+4","TMO","TMO","TMO","TMO","TMO","TMO","TMO","TMO","TMO","TMO","TMO","TMO","UNK","TMO","TMO","UNK","GUP"
"GEO095+1","TMO","TMO","TMO","TMO","TMO","TMO","TMO","UNK","TMO","TMO","TMO","UNK","UNK","TMO","TMO","UNK","GUP"
"NUM647+4","+4.21","TMO","TMO","TMO","TMO","TMO","TMO","UNK","TMO","TMO","TMO","UNK","UNK","TMO","TMO","UNK","GUP"
"GEO349+1","+95.15","TMO","TMO","TMO","TMO","TMO","TMO","UNK","TMO","TMO","TMO","TMO","UNK","TMO","TMO","UNK","GUP"
"NUM707+4","+19.93","TMO","TMO","TMO","TMO","TMO","TMO","UNK","TMO","TMO","TMO","UNK","UNK","TMO","TMO","UNK","GUP"
"NUM786+4","+6.04","TMO","TMO","TMO","TMO","TMO","TMO","UNK","TMO","UNK","TMO","UNK","UNK","TMO","TMO","UNK","GUP"
"GRP652+2","TMO","TMO","TMO","TMO","TMO","TMO","TMO","UNK","TMO","TMO","TMO","TMO","UNK","TMO","TMO","UNK","GUP"
"NUM709+4","+6.84","TMO","TMO","TMO","TMO","TMO","TMO","UNK","TMO","TMO","TMO","UNK","UNK","TMO","TMO","UNK","GUP"
"NUM689+4","+4.48","TMO","TMO","TMO","TMO","TMO","TMO","UNK","TMO","TMO","TMO","UNK","UNK","TMO","TMO","UNK","GUP"
"NUM743+4","+17.57","TMO","TMO","TMO","TMO","TMO","TMO","UNK","TMO","UNK","TMO","UNK","UNK","TMO","TMO","UNK","GUP"
"TOP046+3","+143.12","TMO","TMO","TMO","UNK","TMO","TMO","TMO","TMO","TMO","TMO","TMO","UNK","TMO","TMO","UNK","GUP"
"GEO138+1","+3.80","TMO","TMO","TMO","TMO","TMO","TMO","UNK","TMO","TMO","TMO","UNK","UNK","TMO","TMO","UNK","GUP"
"NUM795+4","+14.94","TMO","TMO","TMO","TMO","TMO","TMO","UNK","TMO","UNK","TMO","UNK","UNK","TMO","TMO","UNK","GUP"
"NUM783+4","+111.80","TMO","TMO","TMO","TMO","TMO","TMO","UNK","TMO","UNK","TMO","UNK","UNK","TMO","TMO","UNK","GUP"
"NUM690+4","+9.44","TMO","TMO","TMO","TMO","TMO","TMO","UNK","TMO","TMO","TMO","UNK","UNK","TMO","TMO","UNK","GUP"
"NUM750+4","+5.68","TMO","TMO","TMO","TMO","TMO","TMO","UNK","TMO","UNK","TMO","UNK","UNK","TMO","TMO","UNK","GUP"
"NUM663+4","+4.42","TMO","TMO","TMO","TMO","TMO","TMO","UNK","TMO","TMO","TMO","UNK","UNK","TMO","TMO","UNK","GUP"
